gene,DEstatus.2
A0A024R261,FALSE
A0A024R785,FALSE
A0A024RBW1,FALSE
A0A087WUQ7,FALSE
A0A087WZU4,FALSE
A0A087WZZ7,FALSE
A0A087X0G5,FALSE
A0A087X0L7,FALSE
A0A087X0P8,FALSE
A0A087X1W8,FALSE
A0A0A0MRC9,FALSE
A0A0A0MSF2,FALSE
A0A0A0MSI8,FALSE
A0A0D9SGE6,FALSE
A0A0U1RRH6,FALSE
A0A0X1KG68,FALSE
A0A182DWI3,FALSE
A0A1W2PQ16,FALSE
A0A1W2PQQ1,FALSE
A0A1W2PQZ2,FALSE
A0A1W2PRS4,FALSE
A0A2R8Y5I6,FALSE
A0A2R8Y756,FALSE
A0A2R8YHF6,FALSE
A0A494C0B9,FALSE
A0A5F9UKL4,FALSE
A1BG-AS1,FALSE
A2M,FALSE
A2M-AS1,FALSE
A2ML1-AS1,FALSE
AAAS,FALSE
AACS,FALSE
AAGAB,FALSE
AAK1,FALSE
AAMDC,FALSE
AAR2,FALSE
AARS1,FALSE
AARS2,FALSE
AASDH,FALSE
AASDHPPT,FALSE
AASDHPPT-AS1,FALSE
AATK,FALSE
ABAT,FALSE
ABCA1,FALSE
ABCA2,FALSE
ABCA5,FALSE
ABCA6,FALSE
ABCA7,FALSE
ABCA9,FALSE
ABCB10,FALSE
ABCB7,FALSE
ABCB8,FALSE
ABCB9,FALSE
ABCC10,FALSE
ABCC3,FALSE
ABCC4,FALSE
ABCC5,FALSE
ABCC5-AS1,FALSE
ABCD1,FALSE
ABCD3,FALSE
ABCD4,FALSE
ABCE1,FALSE
ABCF2,FALSE
ABCF3,FALSE
ABCG1,FALSE
ABCG2,FALSE
ABHD10,FALSE
ABHD12,FALSE
ABHD14B,FALSE
ABHD15,FALSE
ABHD16B,FALSE
ABHD18,FALSE
ABHD2,FALSE
ABHD3,FALSE
ABHD4,FALSE
ABHD5,FALSE
ABHD6,FALSE
ABI1,FALSE
ABI2,FALSE
ABI3,FALSE
ABI3BP,FALSE
ABITRAM,FALSE
ABL1,FALSE
ABL2,FALSE
ABLIM1,FALSE
ABR,FALSE
ABRACL,FALSE
ABRAXAS1,FALSE
ABT1,FALSE
ABT1P1,FALSE
ABTB1,FALSE
ACAA1,FALSE
ACAA2,FALSE
ACAD10,FALSE
ACAD11,FALSE
ACAD8,FALSE
ACAD9,FALSE
ACADM,FALSE
ACADS,FALSE
ACADSB,FALSE
ACAP1,FALSE
ACAP2,FALSE
ACAP2-IT1,FALSE
ACAP3,FALSE
ACAT1,FALSE
ACBD3,FALSE
ACBD3-AS1,FALSE
ACBD4,FALSE
ACBD5,FALSE
ACCS,FALSE
ACE,FALSE
ACER3,FALSE
ACIN1,FALSE
ACKR4,FALSE
ACLY,FALSE
ACO1,FALSE
ACO2,FALSE
ACOT1,FALSE
ACOT11,FALSE
ACOT13,FALSE
ACOT7,FALSE
ACOT9,FALSE
ACOX1,FALSE
ACOX2,FALSE
ACOX3,FALSE
ACP1,FALSE
ACP2,FALSE
ACP3,FALSE
ACP4,FALSE
ACP5,FALSE
ACP6,FALSE
ACSF2,FALSE
ACSF3,FALSE
ACSL1,FALSE
ACSL3,FALSE
ACSL4,FALSE
ACSL5,FALSE
ACSS2,FALSE
ACTA2,FALSE
ACTB,FALSE
ACTG1P14,FALSE
ACTG1P20,FALSE
ACTG1P3,FALSE
ACTL6A,FALSE
ACTN1,FALSE
ACTN4,FALSE
ACTR10,FALSE
ACTR1A,FALSE
ACTR1B,FALSE
ACTR2,FALSE
ACTR3,FALSE
ACTR3-AS1,FALSE
ACTR6,FALSE
ACTR8,FALSE
ACVR1,FALSE
ACVR1B,FALSE
ACVR2A,FALSE
ACVRL1,FALSE
ACYP1,FALSE
ACYP2,FALSE
ADA,FALSE
ADA2,FALSE
ADAD1,FALSE
ADAM10,FALSE
ADAM12,FALSE
ADAM15,FALSE
ADAM17,FALSE
ADAM1A,FALSE
ADAM28,FALSE
ADAM7-AS1,FALSE
ADAM8,FALSE
ADAMDEC1,FALSE
ADAMTSL4,FALSE
ADAP1,FALSE
ADAP2,FALSE
ADAR,FALSE
ADARB1,FALSE
ADAT1,FALSE
ADAT2,FALSE
ADCK1,FALSE
ADCK2,FALSE
ADCY10P1,FALSE
ADCY3,FALSE
ADCY7,FALSE
ADCY9,FALSE
ADD1,FALSE
ADD3,FALSE
ADGRA2,FALSE
ADGRE1,TRUE
ADGRE2,FALSE
ADGRE4P,FALSE
ADGRE5,FALSE
ADGRL1,FALSE
ADGRL4,FALSE
ADH5,FALSE
ADHFE1,FALSE
ADIPOR1,FALSE
ADIPOR2,FALSE
ADK,FALSE
ADM,FALSE
ADNP,FALSE
ADNP-AS1,FALSE
ADNP2,FALSE
ADORA2A,FALSE
ADORA3,FALSE
ADPGK,FALSE
ADPRH,FALSE
ADPRM,FALSE
ADSL,FALSE
ADSS2,FALSE
ADTRP,FALSE
AEBP2,FALSE
AEN,FALSE
AFAP1L1,FALSE
AFDN,FALSE
AFF1,FALSE
AFF4,FALSE
AFG1L,FALSE
AFG2A,FALSE
AFG2B,FALSE
AFG3L1P,FALSE
AFG3L2,FALSE
AFMID,FALSE
AFTPH,FALSE
AFTPH-DT,FALSE
AGA,FALSE
AGAP2,FALSE
AGAP3,FALSE
AGBL5,FALSE
AGFG1,FALSE
AGFG2,FALSE
AGGF1,FALSE
AGK,FALSE
AGL,FALSE
AGO1,FALSE
AGO2,FALSE
AGO3,FALSE
AGO4,FALSE
AGPAT2,FALSE
AGPAT3,FALSE
AGPAT4,FALSE
AGPAT5,FALSE
AGPS,FALSE
AGRN,FALSE
AGTPBP1,FALSE
AGTRAP,FALSE
AHCTF1,FALSE
AHCY,FALSE
AHCYL1,FALSE
AHCYL2,FALSE
AHI1,FALSE
AHNAK,FALSE
AHNAK2,FALSE
AHR,FALSE
AHRR,FALSE
AHSA1,FALSE
AHSA2P,FALSE
AIDAP1,FALSE
AIFM1,FALSE
AIFM2,FALSE
AIG1,FALSE
AIG1P1,FALSE
AIM2,FALSE
AIMP1,FALSE
AIMP2,FALSE
AIRIM,FALSE
AIRN,FALSE
AJUBA-DT,FALSE
AK2,FALSE
AK2P2,FALSE
AK3,FALSE
AK3P5,FALSE
AK4,FALSE
AKAP1,FALSE
AKAP10,FALSE
AKAP13,FALSE
AKAP13-AS1,FALSE
AKAP5,FALSE
AKAP7,FALSE
AKAP8,FALSE
AKAP8L,FALSE
AKAP9,FALSE
AKIRIN1,FALSE
AKIRIN2,FALSE
AKNA,FALSE
AKR1A1,FALSE
AKR1B1,FALSE
AKR1C1,FALSE
AKR1C3,FALSE
AKR1E2,FALSE
AKR7A2,FALSE
AKR7A2P1,FALSE
AKR7A3,FALSE
AKR7L,FALSE
AKT1S1,FALSE
AKT2,FALSE
AKTIP,FALSE
AKTIPP1,FALSE
ALAD,FALSE
ALAS1,FALSE
ALCAM,FALSE
ALDH16A1,FALSE
ALDH18A1,FALSE
ALDH1A1,FALSE
ALDH1A2,FALSE
ALDH1B1,FALSE
ALDH1L2,FALSE
ALDH2,FALSE
ALDH3A2,FALSE
ALDH3B1,FALSE
ALDH4A1,FALSE
ALDH5A1,FALSE
ALDH6A1,FALSE
ALDH7A1,FALSE
ALDH9A1,FALSE
ALG1,FALSE
ALG10,FALSE
ALG10B,FALSE
ALG11,FALSE
ALG12,FALSE
ALG13,FALSE
ALG14,FALSE
ALG2,FALSE
ALG5,FALSE
ALG6,FALSE
ALG8,FALSE
ALG9,FALSE
ALKBH1,FALSE
ALKBH3,FALSE
ALKBH3-AS1,FALSE
ALKBH4,FALSE
ALKBH5,FALSE
ALKBH6,FALSE
ALKBH8,FALSE
ALMS1,FALSE
ALOX12,FALSE
ALOX12-AS1,FALSE
ALOX12P2,FALSE
ALOX15B,FALSE
ALOX5AP,FALSE
ALPK1,FALSE
ALPK3,FALSE
ALS2,FALSE
ALX3,FALSE
ALYREF,FALSE
AMACR,FALSE
AMBRA1,FALSE
AMD1,FALSE
AMDHD1,FALSE
AMFR,FALSE
AMIGO2,FALSE
AMMECR1,FALSE
AMMECR1-IT1,FALSE
AMMECR1L,FALSE
AMN,FALSE
AMPD3,FALSE
AMT,FALSE
AMZ1,FALSE
AMZ2,FALSE
AMZ2P1,FALSE
AMZ2P2,FALSE
ANAPC1,FALSE
ANAPC10,FALSE
ANAPC11,FALSE
ANAPC13,FALSE
ANAPC16,FALSE
ANAPC2,FALSE
ANAPC4,FALSE
ANAPC5,FALSE
ANAPC7,FALSE
ANG,FALSE
ANGEL1,FALSE
ANGEL2,FALSE
ANGPT2,FALSE
ANGPTL3,FALSE
ANK2,FALSE
ANKAR,FALSE
ANKDD1A,FALSE
ANKDD1B,FALSE
ANKFY1,FALSE
ANKH,FALSE
ANKHD1,FALSE
ANKIB1,FALSE
ANKLE2,FALSE
ANKMY1,FALSE
ANKMY2,FALSE
ANKRA2,FALSE
ANKRD10,FALSE
ANKRD10-IT1,FALSE
ANKRD11,FALSE
ANKRD12,FALSE
ANKRD13A,FALSE
ANKRD13C,FALSE
ANKRD13D,FALSE
ANKRD17,FALSE
ANKRD18EP,FALSE
ANKRD22,TRUE
ANKRD26,FALSE
ANKRD26P4,FALSE
ANKRD27,FALSE
ANKRD28,FALSE
ANKRD29,FALSE
ANKRD36,FALSE
ANKRD36B,FALSE
ANKRD36C,FALSE
ANKRD40CL,FALSE
ANKRD42-DT,FALSE
ANKRD44,FALSE
ANKRD44-IT1,FALSE
ANKRD46,FALSE
ANKRD49,FALSE
ANKRD49P1,FALSE
ANKRD50,FALSE
ANKRD52,FALSE
ANKRD6,FALSE
ANKRD9,FALSE
ANKS1A,FALSE
ANKS1B,FALSE
ANKS3,FALSE
ANKS6,FALSE
ANKUB1,FALSE
ANLN,FALSE
ANO10,FALSE
ANO5,FALSE
ANO6,FALSE
ANO7,FALSE
ANOS1,FALSE
ANP32A,FALSE
ANP32B,FALSE
ANP32E,FALSE
ANPEP,FALSE
ANTXR2,FALSE
ANXA1,FALSE
ANXA11,FALSE
ANXA2,FALSE
ANXA2R,FALSE
ANXA2R-AS1,FALSE
ANXA2R-OT1,FALSE
ANXA4,FALSE
ANXA5,FALSE
ANXA6,FALSE
ANXA7,FALSE
ANXA9,FALSE
AOAH,FALSE
AOAH-IT1,FALSE
AOC1,FALSE
AP1AR,FALSE
AP1B1,FALSE
AP1G1,FALSE
AP1G2,FALSE
AP1M1,FALSE
AP1M2,FALSE
AP1S1,FALSE
AP1S3,FALSE
AP2A1,FALSE
AP2A2,FALSE
AP2B1,FALSE
AP2M1,FALSE
AP2S1,FALSE
AP3B1,FALSE
AP3D1,FALSE
AP3M1,FALSE
AP3M2,FALSE
AP3S1,FALSE
AP3S2,FALSE
AP4B1,FALSE
AP4B1-AS1,FALSE
AP4E1,FALSE
AP4S1,FALSE
AP5B1,FALSE
AP5M1,FALSE
AP5S1,FALSE
AP5Z1,FALSE
APAF1,FALSE
APBA3,FALSE
APBB1IP,FALSE
APBB2,FALSE
APC,FALSE
APEH,FALSE
APEX2,FALSE
APH1A,FALSE
APH1B,FALSE
API5,FALSE
APIP,FALSE
APLF,FALSE
APLP2,FALSE
APOA1-AS,FALSE
APOBEC3B-AS1,FALSE
APOBEC3C,FALSE
APOBEC3F,TRUE
APOBEC3G,TRUE
APOBR,FALSE
APOC1P1,FALSE
APOC4,FALSE
APOE,FALSE
APOL1,TRUE
APOL2,FALSE
APOL3,TRUE
APOL4,TRUE
APOL6,TRUE
APOLD1,FALSE
APOO,FALSE
APP,FALSE
APPBP2,FALSE
APPL1,FALSE
APPL2,FALSE
APTR,FALSE
APTX,FALSE
AQP3,FALSE
AQP5,FALSE
AQP9,FALSE
AQR,FALSE
ARAF,FALSE
ARAP1,FALSE
ARAP2,FALSE
ARAP3,FALSE
ARB2A,FALSE
ARCN1,FALSE
AREL1,FALSE
ARF3,FALSE
ARF4,FALSE
ARF6,FALSE
ARFGAP1,FALSE
ARFGAP2,FALSE
ARFGAP3,FALSE
ARFGEF1,FALSE
ARFGEF2,FALSE
ARFIP1,FALSE
ARFIP2,FALSE
ARFRP1,FALSE
ARGFXP1,FALSE
ARGLU1,FALSE
ARHGAP1,FALSE
ARHGAP10,FALSE
ARHGAP12,FALSE
ARHGAP15,FALSE
ARHGAP15-AS1,FALSE
ARHGAP17,FALSE
ARHGAP18,FALSE
ARHGAP19,FALSE
ARHGAP21,FALSE
ARHGAP22,FALSE
ARHGAP24,FALSE
ARHGAP25,FALSE
ARHGAP26,FALSE
ARHGAP27P1-BPTFP1-KPNA2P3,FALSE
ARHGAP30,FALSE
ARHGAP31,FALSE
ARHGAP31-AS1,FALSE
ARHGAP35,FALSE
ARHGAP4,FALSE
ARHGAP45,FALSE
ARHGAP5,FALSE
ARHGAP6,FALSE
ARHGAP9,FALSE
ARHGDIB,FALSE
ARHGEF1,FALSE
ARHGEF10L,FALSE
ARHGEF11,FALSE
ARHGEF12,FALSE
ARHGEF18,FALSE
ARHGEF2,FALSE
ARHGEF2-AS2,FALSE
ARHGEF28,FALSE
ARHGEF3,FALSE
ARHGEF38,FALSE
ARHGEF39,FALSE
ARHGEF40,FALSE
ARHGEF7,FALSE
ARHGEF9,FALSE
ARHGEF9-IT1,FALSE
ARID1A,FALSE
ARID1B,FALSE
ARID2,FALSE
ARID3A,FALSE
ARID3B,FALSE
ARID4A,FALSE
ARID4B,FALSE
ARID5A,FALSE
ARID5B,FALSE
ARIH1,FALSE
ARIH2,FALSE
ARK2N,FALSE
ARL1,FALSE
ARL10,FALSE
ARL11,FALSE
ARL13B,FALSE
ARL14EP,FALSE
ARL14EPP1,FALSE
ARL15,FALSE
ARL16,FALSE
ARL17B,FALSE
ARL4A,FALSE
ARL4AP4,FALSE
ARL5A,FALSE
ARL6IP1,FALSE
ARL6IP5,FALSE
ARL6IP6,FALSE
ARL8A,FALSE
ARL8B,FALSE
ARMC1,FALSE
ARMC2,FALSE
ARMC6,FALSE
ARMC8,FALSE
ARMC9,FALSE
ARMCX2,FALSE
ARMCX3,FALSE
ARMCX4,FALSE
ARMCX5,FALSE
ARMCX6,FALSE
ARMH1,FALSE
ARMH3,FALSE
ARMT1,FALSE
ARNT,FALSE
ARPC1A,FALSE
ARPC1B,FALSE
ARPC2,FALSE
ARPC3,FALSE
ARPC3P1,FALSE
ARPC4,FALSE
ARPC4-TTLL3,FALSE
ARPC5,FALSE
ARPC5L,FALSE
ARPIN,FALSE
ARPP19,FALSE
ARRB1,FALSE
ARRB2,FALSE
ARRDC1-AS1,FALSE
ARRDC2,FALSE
ARRDC3,FALSE
ARRDC3-AS1,FALSE
ARRDC4,FALSE
ARSA,FALSE
ARSB,FALSE
ARSD,FALSE
ARSD-AS1,FALSE
ARSG,FALSE
ARSK,FALSE
ARV1,FALSE
ASAP1,FALSE
ASAP1-IT2,FALSE
ASAP2,FALSE
ASB1,FALSE
ASB13,FALSE
ASB14,FALSE
ASB3,FALSE
ASB7,FALSE
ASCC1,FALSE
ASCC2,FALSE
ASCC3,FALSE
ASF1A,FALSE
ASGR1,FALSE
ASH1L,FALSE
ASH1L-IT1,FALSE
ASH2L,FALSE
ASL,FALSE
ASLP1,FALSE
ASNS,FALSE
ASPH,FALSE
ASPHD1,FALSE
ASPM,FALSE
ASPN,FALSE
ASPSCR1,FALSE
ASRGL1,FALSE
ASS1P2,FALSE
ASTE1,FALSE
ASTL,FALSE
ASXL1,FALSE
ASXL2,FALSE
ATAD1,FALSE
ATAD2,FALSE
ATAD2B,FALSE
ATAD3A,FALSE
ATAD3B,FALSE
ATAD5,FALSE
ATE1,FALSE
ATF1,FALSE
ATF2,FALSE
ATF4,FALSE
ATF5,FALSE
ATF6,FALSE
ATF6-DT,FALSE
ATF7,FALSE
ATF7-AS1,FALSE
ATF7IP,FALSE
ATF7IP2,FALSE
ATG10,FALSE
ATG101,FALSE
ATG12,FALSE
ATG12P1,FALSE
ATG12P2,FALSE
ATG13,FALSE
ATG16L1,FALSE
ATG16L2,FALSE
ATG2B,FALSE
ATG3,FALSE
ATG4A,FALSE
ATG4B,FALSE
ATG4C,FALSE
ATG4D,FALSE
ATG5,FALSE
ATG7,FALSE
ATIC,FALSE
ATL1,FALSE
ATL2,FALSE
ATL3,FALSE
ATM,FALSE
ATMIN,FALSE
ATOSA,FALSE
ATOSB,FALSE
ATOX1,FALSE
ATP10A,TRUE
ATP10B,FALSE
ATP10D,FALSE
ATP11A,FALSE
ATP11B,FALSE
ATP11C,FALSE
ATP13A1,FALSE
ATP13A2,FALSE
ATP13A3,FALSE
ATP1A1,FALSE
ATP1A1-AS1,FALSE
ATP1B1,FALSE
ATP1B1P1,FALSE
ATP1B3,FALSE
ATP1B3-AS1,FALSE
ATP2A1,FALSE
ATP2A2,FALSE
ATP2A3,FALSE
ATP2B1,FALSE
ATP2B2,FALSE
ATP2B4,FALSE
ATP2C1,FALSE
ATP5F1A,FALSE
ATP5F1C,FALSE
ATP5F1D,FALSE
ATP5F1E,FALSE
ATP5F1EP2,FALSE
ATP5IF1,FALSE
ATP5MC1,FALSE
ATP5MC1P2,FALSE
ATP5MC2,FALSE
ATP5MC2P3,FALSE
ATP5MC3,FALSE
ATP5ME,FALSE
ATP5MF-PTCD1,FALSE
ATP5MFP6,FALSE
ATP5MJ,FALSE
ATP5MK,FALSE
ATP5PB,FALSE
ATP5PBP1,FALSE
ATP5PD,FALSE
ATP5PDP4,FALSE
ATP5PF,FALSE
ATP5PFP3,FALSE
ATP5PO,FALSE
ATP6AP1,FALSE
ATP6AP2,FALSE
ATP6V0A1,FALSE
ATP6V0A2,FALSE
ATP6V0D1,FALSE
ATP6V0D2,FALSE
ATP6V0E1,FALSE
ATP6V0E1P1,FALSE
ATP6V1A,FALSE
ATP6V1B2,FALSE
ATP6V1C1,FALSE
ATP6V1C2,FALSE
ATP6V1D,FALSE
ATP6V1E1,FALSE
ATP6V1F,FALSE
ATP6V1FP2,FALSE
ATP6V1G1,FALSE
ATP6V1G1P4,FALSE
ATP6V1G1P6,FALSE
ATP6V1H,FALSE
ATP7A,FALSE
ATP8A1,FALSE
ATP8A2P2,FALSE
ATP8B1,FALSE
ATP8B1-AS1,FALSE
ATP8B2,FALSE
ATP8B4,FALSE
ATP9B,FALSE
ATPAF1,FALSE
ATPAF2,FALSE
ATPSCKMT,FALSE
ATR,FALSE
ATRAID,FALSE
ATRIP,FALSE
ATRX,FALSE
ATXN1,FALSE
ATXN1-AS1,FALSE
ATXN10,FALSE
ATXN1L,FALSE
ATXN2,FALSE
ATXN3,FALSE
ATXN7,FALSE
ATXN7L1,TRUE
ATXN7L3-AS1,FALSE
AUH,FALSE
AUP1,FALSE
AURKA,FALSE
AURKAIP1,FALSE
AURKAP1,FALSE
AURKB,FALSE
AVL9,FALSE
AVPI1,FALSE
AXIN1,FALSE
AXL,TRUE
AZI2,FALSE
AZIN1,FALSE
AZIN1-AS2,FALSE
B2M,FALSE
B3GALNT1P1,FALSE
B3GALNT2,FALSE
B3GALT2,FALSE
B3GALT6,FALSE
B3GLCT,FALSE
B4GALT1,FALSE
B4GALT2,FALSE
B4GALT4,FALSE
B4GALT4-AS1,FALSE
B4GALT7,FALSE
B9D2,FALSE
BAALC,FALSE
BAALC-AS2,FALSE
BABAM1,FALSE
BABAM2,FALSE
BABAM2-AS2,FALSE
BACH1,FALSE
BACH1-IT1,FALSE
BACH1-IT2,FALSE
BACH1-IT3,FALSE
BAD,FALSE
BAG1,FALSE
BAG2,FALSE
BAG3,FALSE
BAG4,FALSE
BAG5,FALSE
BAHD1,FALSE
BAIAP2,FALSE
BAIAP2-DT,FALSE
BAIAP2L1,FALSE
BANF1,FALSE
BANF1P1,FALSE
BANF1P4,FALSE
BANP,FALSE
BARD1,FALSE
BASP1,FALSE
BATF,FALSE
BATF2,TRUE
BAX,FALSE
BAZ1A,FALSE
BAZ1B,FALSE
BAZ2A,FALSE
BAZ2B,FALSE
BAZ2B-AS1,FALSE
BBC3,FALSE
BBIP1,FALSE
BBIP1P1,FALSE
BBS1,FALSE
BBS2,FALSE
BBS4,FALSE
BBS5,FALSE
BBS7,FALSE
BBS9,FALSE
BBX,FALSE
BCAP29,FALSE
BCAP31,FALSE
BCAR1,FALSE
BCAR3,FALSE
BCAR3-AS1,FALSE
BCAS2,FALSE
BCAS3,FALSE
BCAS3-AS1,FALSE
BCAT1,FALSE
BCAT1-AS1,FALSE
BCAT1-DT,FALSE
BCAT2,FALSE
BCCIP,FALSE
BCDIN3D,FALSE
BCDIN3D-AS1,FALSE
BCKDHB,FALSE
BCKDK,FALSE
BCL10,FALSE
BCL11A,FALSE
BCL2,FALSE
BCL2A1,FALSE
BCL2L1,FALSE
BCL2L1-AS1,FALSE
BCL2L12,FALSE
BCL2L13,FALSE
BCL2L2,FALSE
BCL3,FALSE
BCL6,FALSE
BCL7B,FALSE
BCL7C,FALSE
BCLAF1,FALSE
BCLAF3,FALSE
BCOR,FALSE
BCR,FALSE
BDH2,FALSE
BDNF-AS,FALSE
BEND3P2,FALSE
BET1,FALSE
BET1-AS1,FALSE
BET1L,FALSE
BEX2,FALSE
BEX3,FALSE
BEX4,FALSE
BHLHA15,FALSE
BHLHE40,FALSE
BHLHE40-AS1,FALSE
BHLHE41,FALSE
BICD1,FALSE
BICD2,FALSE
BICRAL,FALSE
BID,FALSE
BIN1,FALSE
BIN2,FALSE
BIN3,FALSE
BIRC2,FALSE
BIRC3,FALSE
BIRC5,FALSE
BIRC6,FALSE
BIRC6-AS1,FALSE
BIRC6-AS2,FALSE
BISPR,TRUE
BIVM,FALSE
BLCAP,FALSE
BLM,FALSE
BLMH,FALSE
BLNK,FALSE
BLOC1S1,FALSE
BLOC1S2,FALSE
BLOC1S3,FALSE
BLOC1S6,FALSE
BLTP1,FALSE
BLTP2,FALSE
BLTP3B,FALSE
BLVRA,FALSE
BLVRBP1,FALSE
BLZF1,TRUE
BMAL1,FALSE
BMAL2,FALSE
BMAL2-AS1,FALSE
BMP1,FALSE
BMP2K,FALSE
BMP6,FALSE
BMPR2,FALSE
BMS1P4,FALSE
BMT2,FALSE
BNIP1,FALSE
BNIP2,FALSE
BNIP3,FALSE
BNIP3L,FALSE
BNIP3P25,FALSE
BNIP3P26,FALSE
BNIP3P40,FALSE
BNIP3P45,FALSE
BNIP3P47,FALSE
BNIP3P5,FALSE
BNIP3P8,FALSE
BOD1,FALSE
BOD1L1,FALSE
BOLA1,FALSE
BOLA2P2,FALSE
BOLA3-DT,FALSE
BORA,FALSE
BORCS5,FALSE
BORCS6,FALSE
BORCS7,FALSE
BORCS8,FALSE
BORCS8-MEF2B,FALSE
BPGM,FALSE
BPI,FALSE
BPNT1,FALSE
BPNT2,FALSE
BPTF,FALSE
BRAF,FALSE
BRAP,FALSE
BRAT1,FALSE
BRCA1,FALSE
BRCA2,FALSE
BRCC3,FALSE
BRCC3P1,FALSE
BRD1,FALSE
BRD10,FALSE
BRD2,FALSE
BRD3,FALSE
BRD4,FALSE
BRD7,FALSE
BRD7P3,FALSE
BRD8,FALSE
BRD9,FALSE
BRF1,FALSE
BRF2,FALSE
BRI3,FALSE
BRI3BP,FALSE
BRI3P1,FALSE
BRIP1,FALSE
BRIX1,FALSE
BRK1,FALSE
BRMS1,FALSE
BRMS1L,FALSE
BROX,FALSE
BRPF1,FALSE
BRPF3,FALSE
BRWD1,FALSE
BRWD1-IT1,FALSE
BRWD3,FALSE
BSCL2,FALSE
BSDC1,FALSE
BSG,FALSE
BST2,FALSE
BTAF1,FALSE
BTBD1,FALSE
BTBD10,FALSE
BTBD2,FALSE
BTBD3,FALSE
BTBD6,FALSE
BTBD8,FALSE
BTBD9,FALSE
BTBD9-AS1,FALSE
BTD,FALSE
BTF3,FALSE
BTF3L4,FALSE
BTF3P3,FALSE
BTF3P6,FALSE
BTF3P7,FALSE
BTG1,FALSE
BTG1-DT,FALSE
BTG2,FALSE
BTG3,FALSE
BTK,FALSE
BTN2A1,FALSE
BTN2A2,FALSE
BTN2A3P,FALSE
BTN3A1,FALSE
BTN3A2,FALSE
BTN3A3,FALSE
BTRC,FALSE
BUB1,FALSE
BUB1B,FALSE
BUB3,FALSE
BZW1,FALSE
BZW2,FALSE
C10orf88,FALSE
C10orf95-AS1,FALSE
C11orf16,FALSE
C11orf21,FALSE
C11orf24,FALSE
C11orf54,FALSE
C11orf58,FALSE
C11orf65,FALSE
C11orf68,FALSE
C11orf71,FALSE
C11orf98P3,FALSE
C12orf71BP,FALSE
C14orf119,FALSE
C15orf40,FALSE
C15orf61,FALSE
C15orf62,FALSE
C16orf87,FALSE
C17orf58,FALSE
C17orf75,FALSE
C18orf21,FALSE
C18orf54,FALSE
C19orf12,FALSE
C19orf25,FALSE
C19orf38,FALSE
C19orf53,FALSE
C1D,FALSE
C1DP1,FALSE
C1GALT1,FALSE
C1GALT1C1,FALSE
C1GALT1P1,FALSE
C1QB,FALSE
C1QBP,FALSE
C1QL3,FALSE
C1QTNF7-AS1,FALSE
C1RL,FALSE
C1S,FALSE
C1orf122,FALSE
C1orf159,FALSE
C1orf174,FALSE
C1orf198,FALSE
C1orf21,FALSE
C1orf216,FALSE
C1orf35,FALSE
C1orf43,FALSE
C1orf50,FALSE
C1orf56,FALSE
C21orf91,TRUE
C22orf39,FALSE
C2CD2,FALSE
C2CD2L,FALSE
C2CD3,FALSE
C2CD5,FALSE
C2CD5-AS1,FALSE
C2orf42,FALSE
C2orf49,FALSE
C2orf68,FALSE
C2orf69,FALSE
C2orf74-AS1,FALSE
C2orf76,FALSE
C2orf92,FALSE
C3,FALSE
C3AR1,FALSE
C3orf33,FALSE
C3orf38,FALSE
C3orf49,FALSE
C3orf62,FALSE
C4orf19,FALSE
C4orf33,FALSE
C4orf46,FALSE
C5,FALSE
C5AR1,FALSE
C5AR2,FALSE
C5orf15,FALSE
C5orf22,FALSE
C5orf24,FALSE
C5orf34,FALSE
C5orf34-AS1,FALSE
C5orf58,FALSE
C6orf120,FALSE
C6orf62,FALSE
C6orf89,FALSE
C7orf50,FALSE
C8orf33,FALSE
C8orf44-SGK3,FALSE
C8orf76,FALSE
C9orf72,FALSE
C9orf78,FALSE
C9orf85,FALSE
C9orf85P2,FALSE
CA13,FALSE
CA14,FALSE
CA2,FALSE
CA3-AS1,FALSE
CA5B,FALSE
CA5BP1,FALSE
CAAP1,FALSE
CAB39,FALSE
CAB39L,FALSE
CABIN1,FALSE
CABLES1,FALSE
CABP7,FALSE
CACNA2D4,FALSE
CACNB4,FALSE
CACTIN,FALSE
CACTIN-AS1,FALSE
CACUL1,FALSE
CACYBP,FALSE
CACYBPP1,FALSE
CAD,FALSE
CADM1,FALSE
CALCOCO1,FALSE
CALCOCO2,FALSE
CALCRL-AS1,FALSE
CALHM2,FALSE
CALM1,FALSE
CALM2,FALSE
CALM2P2,FALSE
CAMK1D,FALSE
CAMK2B,FALSE
CAMK2D,FALSE
CAMK2G,FALSE
CAMK2G-AS1,FALSE
CAMK4,FALSE
CAMKK2,FALSE
CAMLG,FALSE
CAMSAP1,FALSE
CAMSAP2,FALSE
CAMTA1,FALSE
CAMTA2,FALSE
CAMTA2-AS1,FALSE
CAND1,FALSE
CANT1,FALSE
CANX,FALSE
CAP1,FALSE
CAPG,FALSE
CAPN1,FALSE
CAPN1-AS1,FALSE
CAPN10,FALSE
CAPN11,FALSE
CAPN15,FALSE
CAPN2,FALSE
CAPN7,FALSE
CAPNS1,FALSE
CAPNS2,FALSE
CAPRIN1,FALSE
CAPRIN2,FALSE
CAPZA1,FALSE
CAPZA1P2,FALSE
CAPZA2,FALSE
CAPZB,FALSE
CARD14,FALSE
CARD16,FALSE
CARD19,FALSE
CARD8,FALSE
CARD9,FALSE
CARF,FALSE
CARINH,FALSE
CARM1,FALSE
CARMIL1,FALSE
CARNMT1,FALSE
CARNMT1-AS1,FALSE
CARS2,FALSE
CASC3,FALSE
CASD1,FALSE
CASK,FALSE
CASP1,FALSE
CASP10,FALSE
CASP12,FALSE
CASP2,FALSE
CASP3,FALSE
CASP4,FALSE
CASP4LP,FALSE
CASP5,FALSE
CASP6,FALSE
CASP7,FALSE
CASP8,FALSE
CASP8AP2,FALSE
CASP9,FALSE
CAST,FALSE
CASTOR3P,FALSE
CAT,FALSE
CATIP-AS1,FALSE
CATIP-AS2,FALSE
CATSPER1,FALSE
CATSPER2,FALSE
CAVIN2-AS1,FALSE
CBFA2T2,FALSE
CBFB,FALSE
CBL,FALSE
CBLB,FALSE
CBLL1,FALSE
CBLL1-AS1,FALSE
CBR1,FALSE
CBR3,FALSE
CBR3-AS1,FALSE
CBR4,FALSE
CBX1,FALSE
CBX3,FALSE
CBX3P10,FALSE
CBX3P2,FALSE
CBX3P3,FALSE
CBX3P5,FALSE
CBX4,FALSE
CBX5,FALSE
CBX5P1,FALSE
CBX6,FALSE
CBX8,FALSE
CC2D1A,FALSE
CC2D2A,FALSE
CC2D2B,FALSE
CCAR1,FALSE
CCAR2,FALSE
CCDC102B,FALSE
CCDC106,FALSE
CCDC107,FALSE
CCDC112,FALSE
CCDC115,FALSE
CCDC117,FALSE
CCDC12,FALSE
CCDC124,FALSE
CCDC126,FALSE
CCDC127,FALSE
CCDC134,FALSE
CCDC137,FALSE
CCDC138,FALSE
CCDC14,FALSE
CCDC142,FALSE
CCDC146,FALSE
CCDC149,FALSE
CCDC15,FALSE
CCDC150,FALSE
CCDC159,FALSE
CCDC167,FALSE
CCDC170,FALSE
CCDC174,FALSE
CCDC18,FALSE
CCDC18-AS1,FALSE
CCDC181,FALSE
CCDC183,FALSE
CCDC186,FALSE
CCDC191,FALSE
CCDC22,FALSE
CCDC24,FALSE
CCDC26,FALSE
CCDC32,FALSE
CCDC39,FALSE
CCDC43,FALSE
CCDC47,FALSE
CCDC50,FALSE
CCDC51,FALSE
CCDC57,FALSE
CCDC59,FALSE
CCDC6,FALSE
CCDC61,FALSE
CCDC65,FALSE
CCDC66,FALSE
CCDC69,FALSE
CCDC7,FALSE
CCDC74BP1,FALSE
CCDC77,FALSE
CCDC82,FALSE
CCDC86,FALSE
CCDC88A,FALSE
CCDC88B,FALSE
CCDC9,FALSE
CCDC90B,FALSE
CCDC91,FALSE
CCDC93,FALSE
CCDC97,FALSE
CCL1,FALSE
CCL20,FALSE
CCL22,FALSE
CCL24,FALSE
CCL7,FALSE
CCL8,TRUE
CCM2,FALSE
CCNB1,FALSE
CCNB1IP1,FALSE
CCNB2,FALSE
CCNC,FALSE
CCND1,FALSE
CCND2,FALSE
CCND3,FALSE
CCNDBP1,FALSE
CCNE1,FALSE
CCNF,FALSE
CCNG1,FALSE
CCNG1P1,FALSE
CCNG2,FALSE
CCNH,FALSE
CCNI,FALSE
CCNJ,FALSE
CCNJP2,FALSE
CCNK,FALSE
CCNL1,FALSE
CCNL2,FALSE
CCNO-DT,FALSE
CCNT1,FALSE
CCNT2,FALSE
CCNY,FALSE
CCNY-AS1,FALSE
CCNYL1,FALSE
CCNYL7,FALSE
CCP110,FALSE
CCPG1,FALSE
CCR1,FALSE
CCR5,FALSE
CCR5AS,FALSE
CCRL2,FALSE
CCS,FALSE
CCSAP,FALSE
CCSER2,FALSE
CCT2,FALSE
CCT3,FALSE
CCT4,FALSE
CCT5,FALSE
CCT6A,FALSE
CCT6B,FALSE
CCT7,FALSE
CCT8,FALSE
CCZ1,FALSE
CCZ1B,FALSE
CCZ1P1,FALSE
CD101,FALSE
CD101-AS1,FALSE
CD109,FALSE
CD14,FALSE
CD160,FALSE
CD163,FALSE
CD163L1,FALSE
CD164,FALSE
CD180,FALSE
CD200R1,FALSE
CD209,FALSE
CD22,FALSE
CD226,FALSE
CD247,FALSE
CD27-AS1,FALSE
CD274,TRUE
CD276,FALSE
CD2AP,FALSE
CD2BP2-DT,FALSE
CD300C,FALSE
CD300E,FALSE
CD300LB,FALSE
CD300LD-AS1,FALSE
CD300LF,FALSE
CD33,FALSE
CD36,FALSE
CD4,FALSE
CD40,FALSE
CD44,FALSE
CD46,FALSE
CD47,FALSE
CD48,FALSE
CD53,FALSE
CD55,FALSE
CD58,FALSE
CD59,FALSE
CD63-AS1,FALSE
CD69,TRUE
CD74,FALSE
CD80,FALSE
CD81,FALSE
CD82,FALSE
CD82-AS1,FALSE
CD84,FALSE
CD86,FALSE
CD9,FALSE
CD99L2,FALSE
CDADC1,FALSE
CDC123,FALSE
CDC14B,FALSE
CDC16,FALSE
CDC20,FALSE
CDC23,FALSE
CDC25A,FALSE
CDC25B,FALSE
CDC26,FALSE
CDC27,FALSE
CDC34,FALSE
CDC37,FALSE
CDC37L1,FALSE
CDC40,FALSE
CDC42,FALSE
CDC42BPA,FALSE
CDC42BPB,FALSE
CDC42EP2,FALSE
CDC42EP3,FALSE
CDC42EP3P1,FALSE
CDC42EP4,FALSE
CDC42P1,FALSE
CDC42P2,FALSE
CDC42SE1,FALSE
CDC42SE2,FALSE
CDC45,FALSE
CDC7,FALSE
CDC73,FALSE
CDCA2,FALSE
CDCA4,FALSE
CDCA4P4,FALSE
CDCA5,FALSE
CDCA7,FALSE
CDCA7L,FALSE
CDCP1,FALSE
CDH23,FALSE
CDIPT,FALSE
CDK1,FALSE
CDK11A,FALSE
CDK12,FALSE
CDK13,FALSE
CDK14,FALSE
CDK16,FALSE
CDK17,FALSE
CDK18,FALSE
CDK19,FALSE
CDK2,FALSE
CDK20,FALSE
CDK2AP1,FALSE
CDK5,FALSE
CDK5RAP1,FALSE
CDK5RAP2,FALSE
CDK5RAP3,FALSE
CDK6,FALSE
CDK8,FALSE
CDK9,FALSE
CDKAL1,FALSE
CDKL1,FALSE
CDKN1A,FALSE
CDKN1B,FALSE
CDKN2A,FALSE
CDKN2A-AS1,FALSE
CDKN2AIP,FALSE
CDKN2B,FALSE
CDKN2B-AS1,FALSE
CDKN2C,FALSE
CDKN2D,FALSE
CDKN3,FALSE
CDPF1,FALSE
CDR2,FALSE
CDS2,FALSE
CDV3,FALSE
CDYL,FALSE
CDYL2,FALSE
CEACAM8,FALSE
CEBPB,FALSE
CEBPD,FALSE
CEBPZ,FALSE
CEBPZOS,FALSE
CELF1,FALSE
CELF2,FALSE
CELF2-AS1,FALSE
CELF2-AS3,FALSE
CELSR1,FALSE
CEMIP2,FALSE
CEMP1,FALSE
CENATAC,FALSE
CENPA,FALSE
CENPC,FALSE
CENPE,FALSE
CENPF,FALSE
CENPH,FALSE
CENPI,FALSE
CENPJ,FALSE
CENPK,FALSE
CENPL,FALSE
CENPM,FALSE
CENPN,FALSE
CENPN-AS1,FALSE
CENPO,FALSE
CENPP,FALSE
CENPS,FALSE
CENPU,FALSE
CENPV,FALSE
CENPW,FALSE
CEP104,FALSE
CEP120,FALSE
CEP128,FALSE
CEP135,FALSE
CEP15,FALSE
CEP152,FALSE
CEP162,FALSE
CEP164,FALSE
CEP192,FALSE
CEP250,FALSE
CEP290,FALSE
CEP295,FALSE
CEP295NL,FALSE
CEP350,FALSE
CEP41,FALSE
CEP43,FALSE
CEP44,FALSE
CEP55,FALSE
CEP57,FALSE
CEP57L1,FALSE
CEP63,FALSE
CEP68,FALSE
CEP70,FALSE
CEP76,FALSE
CEP78,FALSE
CEP83,FALSE
CEP85,FALSE
CEP85L,FALSE
CEP89,FALSE
CEP95,FALSE
CEP97,FALSE
CEPT1,FALSE
CERCAM,FALSE
CERK,FALSE
CERKL,FALSE
CERS2,FALSE
CERS2-AS1,FALSE
CERS5,FALSE
CERS6,FALSE
CERS6-AS1,FALSE
CERT1,FALSE
CES2,FALSE
CETN2,FALSE
CETN3,FALSE
CFAP126,FALSE
CFAP184-OT1,FALSE
CFAP20,FALSE
CFAP298,FALSE
CFAP36,FALSE
CFAP58,FALSE
CFAP58-DT,FALSE
CFAP61,FALSE
CFAP61-AS1,FALSE
CFAP68,FALSE
CFAP73,FALSE
CFAP97,FALSE
CFDP1,FALSE
CFH,TRUE
CFL1,FALSE
CFL1P1,FALSE
CFL2,FALSE
CFLAR,FALSE
CFLAR-AS1,FALSE
CGAS,FALSE
CGGBP1,FALSE
CGREF1,FALSE
CGRRF1,FALSE
CH25H,FALSE
CHAC2,FALSE
CHAF1A,FALSE
CHAF1B,FALSE
CHAMP1,FALSE
CHASERR,FALSE
CHCHD1,FALSE
CHCHD2,FALSE
CHCHD2P11,FALSE
CHCHD2P9,FALSE
CHCHD3,FALSE
CHCHD4,FALSE
CHCHD5,FALSE
CHCHD6,FALSE
CHCHD7,FALSE
CHD1,FALSE
CHD1L,FALSE
CHD2,FALSE
CHD3,FALSE
CHD4,FALSE
CHD6,FALSE
CHD7,FALSE
CHD8,FALSE
CHD9,FALSE
CHEK2,FALSE
CHERP,FALSE
CHFR,FALSE
CHI3L1,FALSE
CHI3L2,FALSE
CHIC2,FALSE
CHID1,FALSE
CHIT1,FALSE
CHKA,FALSE
CHKB,FALSE
CHKB-DT,FALSE
CHM,FALSE
CHML,FALSE
CHMP1A,FALSE
CHMP1B,FALSE
CHMP2B,FALSE
CHMP3,FALSE
CHMP3-AS1,FALSE
CHMP5,FALSE
CHMP7,FALSE
CHN2,FALSE
CHORDC1,FALSE
CHP1,FALSE
CHP1P1,FALSE
CHP1P2,FALSE
CHPT1,FALSE
CHRAC1,FALSE
CHRNA5,FALSE
CHRNG,FALSE
CHROMR,FALSE
CHST11,FALSE
CHST15,FALSE
CHST7,FALSE
CHSY1,FALSE
CHTF18,FALSE
CHTOP,FALSE
CHUK,FALSE
CHURC1,FALSE
CHURC1-FNTB,FALSE
CIAO1,FALSE
CIAO2A,FALSE
CIAO2B,FALSE
CIAPIN1,FALSE
CIC,FALSE
CIITA,FALSE
CIMAP1B,FALSE
CIMIP2A,FALSE
CINP,FALSE
CIP2A,FALSE
CIPC,FALSE
CIR1,FALSE
CIRBP,FALSE
CIRSR,FALSE
CISD1,FALSE
CISD2,FALSE
CITED2,FALSE
CIZ1,FALSE
CKAP2,FALSE
CKAP2L,FALSE
CKAP4,FALSE
CKAP5,FALSE
CKLF,FALSE
CKMT2-AS1,FALSE
CKS1B,FALSE
CKS1BP4,FALSE
CKS2,FALSE
CLASP1,FALSE
CLASP2,FALSE
CLASRP,FALSE
CLBA1,FALSE
CLCC1,FALSE
CLCF1,FALSE
CLCN2,FALSE
CLCN3,FALSE
CLCN5,FALSE
CLCN6,FALSE
CLCN7,FALSE
CLDN12,FALSE
CLDN14,FALSE
CLDN14-AS1,FALSE
CLDN20,FALSE
CLDN22,FALSE
CLDN23,FALSE
CLDND1,FALSE
CLEC11A,FALSE
CLEC12A,FALSE
CLEC12B,FALSE
CLEC16A,FALSE
CLEC1A,FALSE
CLEC1B,FALSE
CLEC20A,FALSE
CLEC2B,FALSE
CLEC2D,FALSE
CLEC4A,FALSE
CLEC4D,FALSE
CLEC4E,FALSE
CLEC5A,FALSE
CLEC6A,FALSE
CLEC7A,FALSE
CLEC9A,FALSE
CLECL1P,FALSE
CLHC1,FALSE
CLIC2,FALSE
CLIC4,FALSE
CLINT1,FALSE
CLIP1,FALSE
CLIP2,FALSE
CLIP4,FALSE
CLK1,FALSE
CLK3,FALSE
CLK4,FALSE
CLMN,FALSE
CLN3,FALSE
CLN5,FALSE
CLN6,FALSE
CLNS1A,FALSE
CLOCK,FALSE
CLP1,FALSE
CLPB,FALSE
CLPP,FALSE
CLPTM1,FALSE
CLPTM1L,FALSE
CLPX,FALSE
CLSPN,FALSE
CLSPN-AS1,FALSE
CLSTN1,FALSE
CLSTN3,FALSE
CLTC,FALSE
CLU,FALSE
CLUAP1,FALSE
CLUH,FALSE
CLVS1,FALSE
CMAHP,FALSE
CMC1,FALSE
CMIP,FALSE
CMPK1,FALSE
CMPK1P2,FALSE
CMPK2,TRUE
CMSS1,FALSE
CMTM3,FALSE
CMTM4,FALSE
CMTM6,FALSE
CMTM7,FALSE
CMTR1,FALSE
CMTR2,FALSE
CNBP,FALSE
CNDP2,FALSE
CNEP1R1,FALSE
CNGB3,FALSE
CNIH1,FALSE
CNIH2,FALSE
CNIH3,FALSE
CNIH3-AS1,FALSE
CNIH4,FALSE
CNKSR3,FALSE
CNN2,FALSE
CNNM4,FALSE
CNOT1,FALSE
CNOT10,FALSE
CNOT10-AS1,FALSE
CNOT11,FALSE
CNOT2,FALSE
CNOT4,FALSE
CNOT6,FALSE
CNOT6L,FALSE
CNOT7,FALSE
CNOT8,FALSE
CNOT9,FALSE
CNP,FALSE
CNPPD1,FALSE
CNPY2,FALSE
CNPY3,FALSE
CNPY4,FALSE
CNRIP1,FALSE
CNST,FALSE
CNTLN,FALSE
CNTRL,FALSE
CNTROB,FALSE
COA1,FALSE
COA1P1,FALSE
COA4,FALSE
COA5,FALSE
COA6-AS1,FALSE
COA7,FALSE
COA8,FALSE
COASY,FALSE
COBL,FALSE
COCH,FALSE
COG2,FALSE
COG3,FALSE
COG4,FALSE
COG5,FALSE
COG6,FALSE
COG7,FALSE
COG8,FALSE
COIL,FALSE
COL22A1,FALSE
COL4A2,FALSE
COL4A2-AS2,FALSE
COL6A1,FALSE
COL6A2,FALSE
COL7A1,FALSE
COL8A2,FALSE
COL9A2,FALSE
COL9A3,FALSE
COLGALT1,FALSE
COLQ,FALSE
COMMD1,FALSE
COMMD10,FALSE
COMMD2,FALSE
COMMD3,FALSE
COMMD4,FALSE
COMMD5,FALSE
COMMD6,FALSE
COMMD7,FALSE
COMMD9,FALSE
COMT,FALSE
COP1,FALSE
COPA,FALSE
COPB1,FALSE
COPB2,FALSE
COPB2-DT,FALSE
COPE,FALSE
COPG1,FALSE
COPG2,FALSE
COPRS,FALSE
COPS2,FALSE
COPS3,FALSE
COPS4,FALSE
COPS5,FALSE
COPS7A,FALSE
COPS7B,FALSE
COPS8,FALSE
COPS9,FALSE
COPZ1,FALSE
COPZ2,FALSE
COQ10B,FALSE
COQ10BP2,FALSE
COQ2,FALSE
COQ3,FALSE
COQ4,FALSE
COQ5,FALSE
COQ7,FALSE
COQ8A,FALSE
COQ8B,FALSE
COQ9,FALSE
CORIN-AS1,FALSE
CORO1A,FALSE
CORO1B,FALSE
CORO1C,FALSE
COTL1,FALSE
COX10,FALSE
COX10-DT,FALSE
COX11,FALSE
COX14,FALSE
COX15,FALSE
COX18,FALSE
COX19,FALSE
COX20P1,FALSE
COX4I1,FALSE
COX5A,FALSE
COX5B,FALSE
COX5BP3,FALSE
COX6B1,FALSE
COX6C,FALSE
COX6CP10,FALSE
COX6CP17,FALSE
COX6CP2,FALSE
COX7A2,FALSE
COX7A2L,FALSE
COX7B,FALSE
COX7BP2,FALSE
COX7BP3,FALSE
COX7CP1,FALSE
COX7CP4,FALSE
COX8A,FALSE
COXFA4,FALSE
COXFA4L3,FALSE
COXFA4P3,FALSE
CPAP,FALSE
CPB2-AS1,FALSE
CPD,FALSE
CPE,FALSE
CPEB2,FALSE
CPEB3,FALSE
CPEB4,FALSE
CPED1,TRUE
CPLANE1,FALSE
CPM,FALSE
CPNE1,FALSE
CPNE2,FALSE
CPNE3,FALSE
CPNE8,FALSE
CPNE9,FALSE
CPOX,FALSE
CPPED1,FALSE
CPQ,FALSE
CPSF2,FALSE
CPSF3,FALSE
CPSF4L,FALSE
CPSF6,FALSE
CPSF7,FALSE
CPT1A,FALSE
CPT2,FALSE
CPTP,FALSE
CPVL,FALSE
CPVL-AS1,FALSE
CPVL-AS2,FALSE
CR1,FALSE
CRABP2,FALSE
CRACR2B,FALSE
CRADD,FALSE
CRADD-AS1,FALSE
CRAMP1,FALSE
CRAT,FALSE
CRB3,FALSE
CRBN,FALSE
CRCP,FALSE
CREB1,FALSE
CREB5,FALSE
CREBBP,FALSE
CREBL2,FALSE
CREBRF,FALSE
CREBZF,FALSE
CREG2,FALSE
CRELD2,FALSE
CREM,FALSE
CRIM1,FALSE
CRIP1,FALSE
CRIPTOP5,FALSE
CRLF3,FALSE
CRLS1,FALSE
CRMA,FALSE
CROCCP2,FALSE
CROCCP3,FALSE
CROT,FALSE
CRTAM,FALSE
CRTAP,FALSE
CRTC1,FALSE
CRTC2,FALSE
CRTC3,FALSE
CRTC3-AS1,FALSE
CRY1,FALSE
CRY2,FALSE
CRYBG1,FALSE
CRYBG2,FALSE
CRYL1,FALSE
CRYM,FALSE
CRYZ,FALSE
CRYZL1,FALSE
CRYZL2P,FALSE
CS,FALSE
CSAD,FALSE
CSDC2,FALSE
CSDE1,FALSE
CSF1,FALSE
CSF1R,FALSE
CSF2RB,FALSE
CSF3R,FALSE
CSGALNACT1,FALSE
CSGALNACT2,FALSE
CSGALNACT2-DT,FALSE
CSK,FALSE
CSKMT,FALSE
CSNK1A1,FALSE
CSNK1D,FALSE
CSNK1E,FALSE
CSNK1G1,FALSE
CSNK1G2,FALSE
CSNK1G2P1,FALSE
CSNK1G3,FALSE
CSNK2A1,FALSE
CSNK2A2,FALSE
CSPP1,FALSE
CSRNP1,FALSE
CSRNP2,FALSE
CSRP1,FALSE
CSRP2,FALSE
CSRP2P2,FALSE
CST3,FALSE
CSTA,FALSE
CSTB,FALSE
CSTBP1,FALSE
CSTF1,FALSE
CSTF2,FALSE
CSTF2T,FALSE
CSTF3,FALSE
CSTPP1,FALSE
CT69,FALSE
CTBP1,FALSE
CTBP1-DT,FALSE
CTBP2,FALSE
CTBP2P8,FALSE
CTBS,FALSE
CTC1,FALSE
CTCF,FALSE
CTDNEP1P2,FALSE
CTDP1,FALSE
CTDSP1,FALSE
CTDSP2,FALSE
CTDSPL,FALSE
CTDSPL2,FALSE
CTIF,FALSE
CTIF-AS1,FALSE
CTNNA1,FALSE
CTNNAL1,FALSE
CTNNB1,FALSE
CTNNBIP1,FALSE
CTNNBIP1-AS1,FALSE
CTNNBL1,FALSE
CTNND1,FALSE
CTNS,FALSE
CTPS1,FALSE
CTR9,FALSE
CTRL,FALSE
CTSA,FALSE
CTSB,FALSE
CTSC,FALSE
CTSD,FALSE
CTSF,FALSE
CTSH,FALSE
CTSK,FALSE
CTSL,FALSE
CTSL3P,FALSE
CTSS,FALSE
CTSV,FALSE
CTSZ,FALSE
CTTN,FALSE
CTTN-DT,FALSE
CTTNBP2NL,FALSE
CUEDC1,FALSE
CUEDC2,FALSE
CUL1,FALSE
CUL2,FALSE
CUL3,FALSE
CUL4A,FALSE
CUL4B,FALSE
CUL5,FALSE
CUL7,FALSE
CUL9,FALSE
CUTC,FALSE
CUX1,FALSE
CWC15,FALSE
CWC22,FALSE
CWC27,FALSE
CWF19L1,FALSE
CXADR,FALSE
CXCL1,FALSE
CXCL10,TRUE
CXCL11,FALSE
CXCL2,FALSE
CXCL3,FALSE
CXCL5,FALSE
CXCL6,FALSE
CXCL8,FALSE
CXCL9,FALSE
CXCR4,FALSE
CXCR6,FALSE
CXXC1,FALSE
CXorf38,FALSE
CYB561D1,FALSE
CYB561D2,FALSE
CYB5A,FALSE
CYB5B,FALSE
CYB5D1,FALSE
CYB5D2,FALSE
CYB5R1,FALSE
CYB5R2,FALSE
CYB5R3,FALSE
CYB5R4,FALSE
CYB5RL,FALSE
CYBA,FALSE
CYBB,FALSE
CYBC1,FALSE
CYBRD1,FALSE
CYCS,FALSE
CYFIP1,FALSE
CYFIP2,FALSE
CYLD,FALSE
CYLD-AS1,FALSE
CYP1B1-AS1,FALSE
CYP20A1,FALSE
CYP27A1,FALSE
CYP2R1,FALSE
CYP2T1P,FALSE
CYP2U1-AS1,FALSE
CYP3A5,FALSE
CYP4V2,FALSE
CYP51A1,FALSE
CYRIA,FALSE
CYRIB,FALSE
CYSLTR1,FALSE
CYSTM1,FALSE
CYTH1,FALSE
CYTH3,FALSE
CYTH4,FALSE
CYTIP,FALSE
CYTL1,FALSE
CYTOR,FALSE
CZIB,FALSE
D2HGDH,FALSE
DAAM1,FALSE
DAB2,FALSE
DAD1,FALSE
DAG1,FALSE
DAGLB,FALSE
DAP,FALSE
DAP3,FALSE
DAPK1,FALSE
DAPK1-IT1,FALSE
DAPK3,FALSE
DAPP1,FALSE
DARS1,FALSE
DARS2,FALSE
DAZAP1,FALSE
DAZAP2,FALSE
DAZAP2P1,FALSE
DBF4,FALSE
DBF4B,FALSE
DBI,FALSE
DBN1,FALSE
DBNL,FALSE
DBR1,FALSE
DBT,FALSE
DBTP1,FALSE
DCAF1,FALSE
DCAF10,FALSE
DCAF11,FALSE
DCAF12,FALSE
DCAF12-AS1,FALSE
DCAF13,FALSE
DCAF13P3,FALSE
DCAF15,FALSE
DCAF16,FALSE
DCAF17,FALSE
DCAF4,FALSE
DCAF5,FALSE
DCAF6,FALSE
DCAF7,FALSE
DCAF8,FALSE
DCAKD,FALSE
DCBLD1,FALSE
DCBLD2,FALSE
DCK,FALSE
DCLRE1A,FALSE
DCLRE1B,FALSE
DCLRE1C,FALSE
DCP1A,FALSE
DCP1B,FALSE
DCP2,FALSE
DCPH1,FALSE
DCSTAMP,FALSE
DCTD,FALSE
DCTN1,FALSE
DCTN2,FALSE
DCTN3,FALSE
DCTN4,FALSE
DCTN5,FALSE
DCTPP1,FALSE
DCUN1D1,FALSE
DCUN1D2,FALSE
DCUN1D3,FALSE
DCUN1D4,FALSE
DCUN1D5,FALSE
DDA1,FALSE
DDB1,FALSE
DDB2,FALSE
DDHD1,FALSE
DDHD2,FALSE
DDI2,FALSE
DDIT4,FALSE
DDIT4L,FALSE
DDOST,FALSE
DDRGK1,FALSE
DDX1,FALSE
DDX10,FALSE
DDX10P1,FALSE
DDX11,FALSE
DDX17,FALSE
DDX18,FALSE
DDX19A,FALSE
DDX19A-DT,FALSE
DDX19B,FALSE
DDX20,FALSE
DDX21,FALSE
DDX23,FALSE
DDX27,FALSE
DDX31,FALSE
DDX3ILA1,FALSE
DDX3X,FALSE
DDX3Y,FALSE
DDX42,FALSE
DDX46,FALSE
DDX47,FALSE
DDX49,FALSE
DDX5,FALSE
DDX50,FALSE
DDX50P1,FALSE
DDX51,FALSE
DDX54,FALSE
DDX55,FALSE
DDX56,FALSE
DDX59,FALSE
DDX6,FALSE
DDX60,TRUE
DDX60L,FALSE
DEAF1,FALSE
DECR1,FALSE
DEDD2,FALSE
DEF6,FALSE
DEF8,FALSE
DEGS1,FALSE
DEK,FALSE
DELE1,FALSE
DENND10,FALSE
DENND1A,FALSE
DENND1B,FALSE
DENND2B,FALSE
DENND2D,FALSE
DENND3,FALSE
DENND3-AS1,FALSE
DENND4A,FALSE
DENND4B,FALSE
DENND4C,FALSE
DENND5A,FALSE
DENND5B,FALSE
DENND6A,FALSE
DENR,FALSE
DENRP2,FALSE
DENRP3,FALSE
DEPDC1B,FALSE
DEPDC1P2,FALSE
DEPDC5,FALSE
DEPDC7,FALSE
DEPP1,FALSE
DERA,FALSE
DERL1,FALSE
DERL2,FALSE
DESI1,FALSE
DESI2,FALSE
DET1,FALSE
DEXI,FALSE
DFFA,FALSE
DFFB,FALSE
DFFBP1,FALSE
DGCR11,FALSE
DGCR2,FALSE
DGKA,FALSE
DGKD,FALSE
DGKG,FALSE
DGKH,FALSE
DGKZ,FALSE
DGLUCY,FALSE
DGUOK,FALSE
DGUOK-AS1,FALSE
DHCR24,FALSE
DHCR24-DT,FALSE
DHCR7,FALSE
DHDDS,FALSE
DHFR,FALSE
DHFR2,FALSE
DHODH,FALSE
DHRS1,FALSE
DHRS12,FALSE
DHRS3,FALSE
DHRS4,FALSE
DHRS4-AS1,FALSE
DHRS4L1,FALSE
DHRS4L2,FALSE
DHRS7,FALSE
DHRS7B,FALSE
DHRS9,FALSE
DHTKD1,FALSE
DHX15,FALSE
DHX29,FALSE
DHX30,FALSE
DHX32,FALSE
DHX33,FALSE
DHX34,FALSE
DHX36,FALSE
DHX37,FALSE
DHX38,FALSE
DHX40,FALSE
DHX57,FALSE
DHX58,FALSE
DHX8,FALSE
DHX9,FALSE
DHX9-AS1,FALSE
DIABLO,FALSE
DIAPH1,FALSE
DIAPH1-AS1,FALSE
DIAPH2-AS1,FALSE
DIAPH3,FALSE
DICER1,FALSE
DIDO1,FALSE
DIMT1,FALSE
DIP2A,FALSE
DIP2B,FALSE
DIP2C,FALSE
DIPK1A,FALSE
DIPK1B,FALSE
DIPK2A,FALSE
DIRAS1,FALSE
DIRAS2,FALSE
DIRC3,FALSE
DIS3,FALSE
DIS3L,FALSE
DIS3L2,FALSE
DISP1,FALSE
DIXDC1,FALSE
DKC1,FALSE
DKK2,FALSE
DLAT,FALSE
DLC1,FALSE
DLD,FALSE
DLEU1,FALSE
DLEU2,FALSE
DLEU7,FALSE
DLG1,FALSE
DLG4,FALSE
DLGAP1-AS1,FALSE
DLGAP4,FALSE
DLGAP4-AS1,FALSE
DLGAP5,FALSE
DLST,FALSE
DLSTP1,FALSE
DMAC1,FALSE
DMAC1P1,FALSE
DMAC2,FALSE
DMAP1,FALSE
DMPK,FALSE
DMTF1,FALSE
DMTF1-AS1,FALSE
DMWD,FALSE
DMXL1,FALSE
DMXL2,FALSE
DNA2,FALSE
DNAAF1,TRUE
DNAAF10,FALSE
DNAAF11,FALSE
DNAAF2,FALSE
DNAAF5,FALSE
DNAAF9,FALSE
DNAH14,FALSE
DNAH2,FALSE
DNAI3,FALSE
DNAJA1,FALSE
DNAJA2,FALSE
DNAJA4,FALSE
DNAJB1,FALSE
DNAJB11,FALSE
DNAJB12,FALSE
DNAJB14,FALSE
DNAJB2,FALSE
DNAJB4,FALSE
DNAJB5,FALSE
DNAJB6,FALSE
DNAJB6P6,FALSE
DNAJB7,FALSE
DNAJB9,FALSE
DNAJC1,FALSE
DNAJC10,FALSE
DNAJC11,FALSE
DNAJC12,FALSE
DNAJC13,FALSE
DNAJC14,FALSE
DNAJC15,FALSE
DNAJC16,FALSE
DNAJC18,FALSE
DNAJC19,FALSE
DNAJC21,FALSE
DNAJC24,FALSE
DNAJC27,FALSE
DNAJC3,FALSE
DNAJC5,FALSE
DNAJC5B,FALSE
DNAJC6,FALSE
DNAJC7,FALSE
DNAJC8,FALSE
DNAJC8P4,FALSE
DNAJC9,FALSE
DNAJC9-AS1,FALSE
DNAL1,FALSE
DNAL4,FALSE
DNASE2,FALSE
DNASE2B,FALSE
DND1,FALSE
DNHD1,FALSE
DNM1L,FALSE
DNM2,FALSE
DNMT1,FALSE
DNMT3A,FALSE
DNPEP,FALSE
DNPH1,FALSE
DNTTIP1,FALSE
DNTTIP2,FALSE
DOCK1,FALSE
DOCK10,FALSE
DOCK2,FALSE
DOCK4,FALSE
DOCK4-AS1,FALSE
DOCK5,FALSE
DOCK6,FALSE
DOCK7,FALSE
DOCK8,FALSE
DOCK8-AS1,FALSE
DOHH,FALSE
DOK7,FALSE
DOLPP1,FALSE
DONSON,FALSE
DONSONP1,FALSE
DOP1A,FALSE
DOP1B,FALSE
DORIP1,FALSE
DOT1L,FALSE
DOT1L-AS1,FALSE
DPAGT1,FALSE
DPEP2,FALSE
DPF2,FALSE
DPH1,FALSE
DPH3,FALSE
DPH5,FALSE
DPH5-DT,FALSE
DPH6-DT,FALSE
DPH7,FALSE
DPM1,FALSE
DPM2,FALSE
DPP3,FALSE
DPP3-DT,FALSE
DPP4,FALSE
DPP4-DT,FALSE
DPP8,FALSE
DPP9,FALSE
DPP9-AS1,FALSE
DPPA3P6,FALSE
DPPA4P2,FALSE
DPRXP1,FALSE
DPRXP3,FALSE
DPRXP5,FALSE
DPY19L1,FALSE
DPY19L1P1,FALSE
DPY19L3,FALSE
DPY19L4,FALSE
DPY30,FALSE
DPYD,FALSE
DPYD-AS1,FALSE
DPYD-AS2,FALSE
DPYD-IT1,FALSE
DPYSL2,FALSE
DPYSL3,FALSE
DR1,FALSE
DRAM1,FALSE
DRAM2,FALSE
DRAP1,FALSE
DRC1,FALSE
DRC4,FALSE
DRC9,FALSE
DRG1,FALSE
DRG2,FALSE
DROSHA,FALSE
DSC2,FALSE
DSCC1,FALSE
DSE,FALSE
DSP,FALSE
DST,FALSE
DSTN,FALSE
DSTNP1,FALSE
DSTNP2,FALSE
DSTYK,FALSE
DTD1,FALSE
DTD1-AS1,FALSE
DTD2,FALSE
DTL,FALSE
DTNA,TRUE
DTNB,FALSE
DTNB-AS1,FALSE
DTNBP1,FALSE
DTNBP1-AS1,FALSE
DTWD1,FALSE
DTWD2,FALSE
DTX3L,FALSE
DTX4,FALSE
DTYMK,FALSE
DUS1L,FALSE
DUS2,FALSE
DUS3L,FALSE
DUS4L,FALSE
DUSP1,FALSE
DUSP10,FALSE
DUSP11,FALSE
DUSP12,FALSE
DUSP13A,FALSE
DUSP16,FALSE
DUSP22,FALSE
DUSP23,FALSE
DUSP3,FALSE
DUSP4,FALSE
DUSP5,FALSE
DUSP6,FALSE
DUT,FALSE
DUTP1,FALSE
DUXAP7,FALSE
DVL1,FALSE
DVL3,FALSE
DYM,FALSE
DYM-AS1,FALSE
DYNC1H1,FALSE
DYNC1I2,FALSE
DYNC1LI1,FALSE
DYNC1LI2,FALSE
DYNC2I1,FALSE
DYNC2LI1,FALSE
DYNLL1,FALSE
DYNLRB1,FALSE
DYNLT3,FALSE
DYNLT4,FALSE
DYNLT5,FALSE
DYRK1A,FALSE
DYRK1B,FALSE
DYRK2,FALSE
DYRK3,FALSE
DYRK4,FALSE
DYSF,FALSE
DZANK1,FALSE
DZIP1L,FALSE
DZIP3,FALSE
E2F3-IT1,FALSE
E2F4,FALSE
E2F6,FALSE
E2F8,FALSE
EAF1,FALSE
EAF1-AS1,FALSE
EAF2,FALSE
EAPP,FALSE
EARS2,FALSE
EBAG9,FALSE
EBAG9P1,FALSE
EBLN3P,FALSE
EBNA1BP2,FALSE
EBPL,FALSE
ECD,FALSE
ECE1,FALSE
ECH1,FALSE
ECHDC1,FALSE
ECHDC2,FALSE
ECHDC3,FALSE
ECHS1,FALSE
ECI1,FALSE
ECI1-AS1,FALSE
ECI2,FALSE
ECM1,FALSE
ECM2,FALSE
ECPAS,FALSE
ECSIT,FALSE
ECT2,FALSE
EDA,FALSE
EDC3,FALSE
EDC4,FALSE
EDDM3CP,FALSE
EDEM1,FALSE
EDEM3,FALSE
EDF1,FALSE
EDNRB-AS1,FALSE
EDRF1,FALSE
EDRF1-AS1,FALSE
EEA1,FALSE
EED,FALSE
EEF1A1,FALSE
EEF1A1P10,FALSE
EEF1A1P3,FALSE
EEF1A1P32,FALSE
EEF1A1P4,FALSE
EEF1AKMT2,FALSE
EEF1AKMT3,FALSE
EEF1B2P7,FALSE
EEF1DP7,FALSE
EEF1E1,FALSE
EEF1G,FALSE
EEF2,FALSE
EEF2K,FALSE
EEFSEC,FALSE
EEPD1,FALSE
EFCAB10,FALSE
EFCAB13,FALSE
EFCAB13-DT,FALSE
EFCAB14,FALSE
EFCAB14-AS1,FALSE
EFCAB7,FALSE
EFHC1,FALSE
EFHD2,FALSE
EFL1,FALSE
EFR3A,FALSE
EFR3B,FALSE
EFTUD2,FALSE
EGILA,FALSE
EGLN1,FALSE
EGLN3,FALSE
EGLN3P1,FALSE
EGOT,FALSE
EHBP1,FALSE
EHBP1L1,FALSE
EHD1,FALSE
EHD4,FALSE
EHD4-AS1,FALSE
EHHADH,FALSE
EHHADH-AS1,FALSE
EHMT1,FALSE
EI24,FALSE
EID1,FALSE
EID2B,FALSE
EID3,FALSE
EIF1,FALSE
EIF1AD,FALSE
EIF1AX,FALSE
EIF1AX-AS1,FALSE
EIF1AY,FALSE
EIF1P7,FALSE
EIF2A,FALSE
EIF2AK1,FALSE
EIF2AK1P1,FALSE
EIF2AK2,TRUE
EIF2AK3,FALSE
EIF2AK3-AS1,FALSE
EIF2AK4,FALSE
EIF2B1,FALSE
EIF2B2,FALSE
EIF2B3,FALSE
EIF2D,FALSE
EIF2S1,FALSE
EIF2S2P5,FALSE
EIF2S2P6,FALSE
EIF2S3,FALSE
EIF3A,FALSE
EIF3B,FALSE
EIF3C,FALSE
EIF3D,FALSE
EIF3E,FALSE
EIF3EP4,FALSE
EIF3H,FALSE
EIF3J,FALSE
EIF3J-DT,FALSE
EIF3JP3,FALSE
EIF3K,FALSE
EIF3L,FALSE
EIF4A1P11,FALSE
EIF4A1P4,FALSE
EIF4A1P8,FALSE
EIF4A2,FALSE
EIF4A3,FALSE
EIF4B,FALSE
EIF4BP5,FALSE
EIF4E,FALSE
EIF4E2,FALSE
EIF4E3,FALSE
EIF4ENIF1,FALSE
EIF4EP1,FALSE
EIF4G1,FALSE
EIF4G2,FALSE
EIF4G3,FALSE
EIF4H,FALSE
EIF4HP2,FALSE
EIF5,FALSE
EIF5B,FALSE
EIPR1,FALSE
ELAC1,FALSE
ELAC2,FALSE
ELAVL1,FALSE
ELF1,FALSE
ELF2,FALSE
ELF2P3,FALSE
ELF3-AS1,FALSE
ELF4,FALSE
ELK1,FALSE
ELK3,FALSE
ELK4,FALSE
ELL,FALSE
ELL2,FALSE
ELMO1,FALSE
ELMO2,FALSE
ELMOD2,FALSE
ELMOD3,FALSE
ELOA,FALSE
ELOA-AS1,FALSE
ELOC,FALSE
ELOCP31,FALSE
ELOF1,FALSE
ELOVL1,FALSE
ELOVL5,FALSE
ELOVL7,FALSE
ELP1,FALSE
ELP2,FALSE
ELP3,FALSE
ELP4,FALSE
ELP4-AS1,FALSE
ELP5,FALSE
ELP6,FALSE
EMB,FALSE
EMC1,FALSE
EMC1-AS1,FALSE
EMC2,FALSE
EMC3,FALSE
EMC7,FALSE
EMC8,FALSE
EMD,FALSE
EME2,FALSE
EMG1,FALSE
EMILIN2,FALSE
EML2,FALSE
EML2-AS1,FALSE
EML3,FALSE
EML4,FALSE
EML4-AS1,FALSE
EMP1,FALSE
EMP3,FALSE
EMSLR,FALSE
EMSY,FALSE
ENC1,FALSE
ENDOG,FALSE
ENDOV,FALSE
ENEMAL,FALSE
ENG,FALSE
ENGASE,FALSE
ENKD1,FALSE
ENO1,FALSE
ENO1P3,FALSE
ENO2,FALSE
ENO4,FALSE
ENOPH1,FALSE
ENOPH1P1,FALSE
ENOSF1,FALSE
ENOX2,FALSE
ENPP2,FALSE
ENPP4,FALSE
ENSA,FALSE
ENTPD1,FALSE
ENTPD1-AS1,FALSE
ENTPD3-AS1,FALSE
ENTPD4,FALSE
ENTPD5,FALSE
ENTPD6,FALSE
ENTPD7,FALSE
ENTR1,FALSE
ENY2,FALSE
EOGT,FALSE
EOGT-DT,FALSE
EOLA1,FALSE
EOLA1-DT,FALSE
EOLA2,FALSE
EP300,FALSE
EP300-AS1,FALSE
EP400,FALSE
EP400P1,FALSE
EPAS1,FALSE
EPB41,FALSE
EPB41L1,FALSE
EPB41L1-AS1,FALSE
EPB41L2,FALSE
EPB41L3,FALSE
EPB41L4A,FALSE
EPB41L4A-AS1,FALSE
EPC1,FALSE
EPC1-AS1,FALSE
EPC2,FALSE
EPDR1,FALSE
EPG5,FALSE
EPHB1,FALSE
EPHB2,FALSE
EPHX1,FALSE
EPM2A,FALSE
EPM2A-DT,FALSE
EPM2AIP1,FALSE
EPN1,FALSE
EPN2,FALSE
EPRS1,FALSE
EPS15,FALSE
EPS15L1,FALSE
EPS8,FALSE
EPS8L2,FALSE
EPSTI1,TRUE
EQTN,FALSE
ERAP1,FALSE
ERAP2,FALSE
ERBB2,FALSE
ERBIN,FALSE
ERC1,FALSE
ERCC1,FALSE
ERCC2,FALSE
ERCC3,FALSE
ERCC4,FALSE
ERCC5,FALSE
ERCC6,FALSE
ERCC6L2,FALSE
ERCC6L2-AS1,FALSE
ERCC8,FALSE
EREG,TRUE
ERF,FALSE
ERGIC1,FALSE
ERGIC2,FALSE
ERGIC3,FALSE
ERH,FALSE
ERI1,FALSE
ERI2,FALSE
ERI3,FALSE
ERI3-IT1,FALSE
ERICH1,FALSE
ERICH6B,FALSE
ERLEC1,FALSE
ERLIN1,FALSE
ERLIN2,FALSE
ERMAP,FALSE
ERMP1,FALSE
ERN1,FALSE
ERO1A,FALSE
ERO1B,FALSE
ERP27,FALSE
ERP29,FALSE
ERP44,FALSE
ERRFI1,FALSE
ERV3-1,FALSE
ERVK13-1,FALSE
ESCO2,FALSE
ESD,FALSE
ESPL1,FALSE
ESR1,FALSE
ESRRA,FALSE
ESS2,FALSE
ESYT1,FALSE
ESYT2,FALSE
ESYT3,FALSE
ETDC,FALSE
ETF1,FALSE
ETF1P2,FALSE
ETFA,FALSE
ETFB,FALSE
ETFDH,FALSE
ETFRF1,FALSE
ETHE1,FALSE
ETNK1,FALSE
ETNK2,FALSE
ETS1,FALSE
ETS2,FALSE
ETS2-AS1,FALSE
ETV3,FALSE
ETV5,FALSE
ETV5-AS1,FALSE
ETV6,FALSE
EVA1B,FALSE
EVI2A,FALSE
EVI2B,FALSE
EVI5,FALSE
EVL,FALSE
EWSR1,FALSE
EXD2,FALSE
EXO1,FALSE
EXO5,FALSE
EXOC1,FALSE
EXOC1-AS1,FALSE
EXOC2,FALSE
EXOC3,FALSE
EXOC4,FALSE
EXOC5,FALSE
EXOC6,FALSE
EXOC6B,FALSE
EXOC7,FALSE
EXOC8,FALSE
EXOG,FALSE
EXOSC1,FALSE
EXOSC10,FALSE
EXOSC2,FALSE
EXOSC3,FALSE
EXOSC5,FALSE
EXOSC7,FALSE
EXOSC8,FALSE
EXOSC9,FALSE
EXT1,FALSE
EXT2,FALSE
EXTL2,FALSE
EXTL3,FALSE
EYA3,FALSE
EZH1,FALSE
EZH2,FALSE
EZR,FALSE
F11R,FALSE
F13A1,FALSE
F2RL2,FALSE
F3,FALSE
F8,FALSE
FAAH,FALSE
FAAP100,FALSE
FAAP20,FALSE
FABP3,FALSE
FABP5,FALSE
FABP5P7,FALSE
FABP5P8,FALSE
FADD,FALSE
FADS1,FALSE
FADS2,FALSE
FADS3,FALSE
FAF1,FALSE
FAF2,FALSE
FAH,FALSE
FAHD2A,FALSE
FAIM,FALSE
FAIM2,FALSE
FAM106A,FALSE
FAM107B,FALSE
FAM111A,FALSE
FAM111B,FALSE
FAM114A1,FALSE
FAM114A2,FALSE
FAM117A,FALSE
FAM118A,FALSE
FAM118B,FALSE
FAM120A,FALSE
FAM120AOS,FALSE
FAM120C,FALSE
FAM124A,FALSE
FAM131B,FALSE
FAM131B-AS1,FALSE
FAM131B-AS2,FALSE
FAM133B,FALSE
FAM133EP,FALSE
FAM135A,FALSE
FAM135B,FALSE
FAM136A,FALSE
FAM13A,FALSE
FAM13A-AS1,FALSE
FAM13B,FALSE
FAM151A,FALSE
FAM151B,FALSE
FAM151B-DT,FALSE
FAM161B,FALSE
FAM162A,FALSE
FAM168A,FALSE
FAM174A,FALSE
FAM174C,FALSE
FAM177A1,FALSE
FAM185A,FALSE
FAM193A,FALSE
FAM193B,FALSE
FAM199X,FALSE
FAM200A,FALSE
FAM200B,FALSE
FAM204A,FALSE
FAM204BP,FALSE
FAM20A,FALSE
FAM20B,FALSE
FAM20C,FALSE
FAM210A,FALSE
FAM217A,FALSE
FAM217B,FALSE
FAM219A,FALSE
FAM220A,FALSE
FAM221A,FALSE
FAM227B,FALSE
FAM228B,FALSE
FAM234B,FALSE
FAM24B,FALSE
FAM32A,FALSE
FAM32BP,FALSE
FAM3A,FALSE
FAM3C,FALSE
FAM47E-STBD1,FALSE
FAM50A,FALSE
FAM53B,FALSE
FAM53B-AS1,FALSE
FAM72A,FALSE
FAM72B,FALSE
FAM76A,FALSE
FAM76B,FALSE
FAM78A,FALSE
FAM83G,FALSE
FAM86DP,FALSE
FAM8A1,FALSE
FAM91A1,FALSE
FAM98A,FALSE
FAM98B,FALSE
FAM98C,FALSE
FAN1,FALSE
FANCA,FALSE
FANCB,FALSE
FANCC,FALSE
FANCD2,FALSE
FANCE,FALSE
FANCG,FALSE
FANCI,FALSE
FANCL,FALSE
FANCM,FALSE
FAP,FALSE
FAR1,FALSE
FAR1-IT1,FALSE
FAR2,FALSE
FAR2-AS1,FALSE
FARP1,FALSE
FARP2,FALSE
FARS2,FALSE
FARSA,FALSE
FARSB,FALSE
FAS,FALSE
FASN,FALSE
FASTKD1,FALSE
FASTKD2,FALSE
FASTKD3,FALSE
FASTKD5,FALSE
FAUP4,FALSE
FBF1,FALSE
FBH1,FALSE
FBL,FALSE
FBP1,FALSE
FBP2P1,FALSE
FBRS,FALSE
FBXL12,FALSE
FBXL13,FALSE
FBXL17,FALSE
FBXL19,FALSE
FBXL2,FALSE
FBXL20,FALSE
FBXL3,FALSE
FBXL4,FALSE
FBXL5,FALSE
FBXL6,FALSE
FBXL8,FALSE
FBXO10,FALSE
FBXO11,FALSE
FBXO15,FALSE
FBXO21,FALSE
FBXO22,FALSE
FBXO25,FALSE
FBXO28,FALSE
FBXO3,FALSE
FBXO31,FALSE
FBXO33,FALSE
FBXO34,FALSE
FBXO38,FALSE
FBXO4,FALSE
FBXO42,FALSE
FBXO45,FALSE
FBXO46,FALSE
FBXO6,FALSE
FBXO7,FALSE
FBXO8,FALSE
FBXO9,FALSE
FBXW11,FALSE
FBXW2,FALSE
FBXW4,FALSE
FBXW5,FALSE
FBXW7,FALSE
FBXW7-AS1,FALSE
FBXW8,FALSE
FCER2,FALSE
FCF1,FALSE
FCF1P8,FALSE
FCGR1A,FALSE
FCGR1BP,FALSE
FCGR1CP,FALSE
FCGR2A,FALSE
FCGR2B,FALSE
FCGR2C,FALSE
FCGR3B,FALSE
FCGRT,FALSE
FCHO1,FALSE
FCHO2,FALSE
FCHO2-DT,FALSE
FCHSD1,FALSE
FCHSD2,FALSE
FCMR,FALSE
FCRL6,FALSE
FCRLA,FALSE
FCRLB,FALSE
FCSK,FALSE
FDFT1,FALSE
FDX1,FALSE
FDX1P1,FALSE
FDX2,FALSE
FDXACB1,FALSE
FDXR,FALSE
FECH,FALSE
FEM1B,FALSE
FEM1C,FALSE
FER,FALSE
FERP1,FALSE
FERRY3,FALSE
FES,FALSE
FEZ2,FALSE
FFAR2,TRUE
FGD1,FALSE
FGD2,TRUE
FGD3,FALSE
FGD4,FALSE
FGD5,FALSE
FGD5-AS1,FALSE
FGD6,FALSE
FGF14,FALSE
FGFR1,FALSE
FGFR1OP2,FALSE
FGFRL1,FALSE
FGGY,FALSE
FGL1,FALSE
FGL2,FALSE
FGR,FALSE
FH,FALSE
FHIP1B,FALSE
FHIP2A,FALSE
FHIP2B,FALSE
FHL1,FALSE
FHL3,FALSE
FIG4,FALSE
FIGNL1,FALSE
FILIP1,FALSE
FILIP1L,FALSE
FIP1L1,FALSE
FIRRM,FALSE
FIS1,FALSE
FJX1,FALSE
FKBP11,FALSE
FKBP14,FALSE
FKBP15,FALSE
FKBP1A,FALSE
FKBP1AP1,FALSE
FKBP3,FALSE
FKBP4,FALSE
FKBP5,FALSE
FKBP8,FALSE
FKBP9,FALSE
FKRP,FALSE
FKTN,FALSE
FLAD1,FALSE
FLCN,FALSE
FLI1,FALSE
FLII,FALSE
FLJ40194,FALSE
FLJ42393,FALSE
FLNA,FALSE
FLNB,FALSE
FLNB-AS1,FALSE
FLOT2,FALSE
FLRT2,FALSE
FLT1,FALSE
FLVCR1,FALSE
FLVCR2,FALSE
FLYWCH1,FALSE
FLYWCH2,FALSE
FMN1,FALSE
FMNL1,FALSE
FMNL1-AS1,FALSE
FMNL1-DT,FALSE
FMNL2,FALSE
FMNL3,FALSE
FMO4,FALSE
FMO5,FALSE
FMR1,FALSE
FN1,FALSE
FN3KRP,FALSE
FNBP1,FALSE
FNBP1L,FALSE
FNBP4,FALSE
FNDC3A,FALSE
FNDC3B,FALSE
FNIP1,FALSE
FNIP2,FALSE
FNTA,FALSE
FNTAP2,FALSE
FNTB,FALSE
FOCAD,FALSE
FOLR1,FALSE
FOLR2,FALSE
FOLR3,FALSE
FOLR3P1,FALSE
FOS,FALSE
FOSL1,FALSE
FOSL2,FALSE
FOXJ3,FALSE
FOXK2,FALSE
FOXM1,FALSE
FOXN2,FALSE
FOXN3,FALSE
FOXN3-AS4,FALSE
FOXO3,FALSE
FOXP1,FALSE
FOXP3,FALSE
FOXRED1,FALSE
FPGS,FALSE
FPGT,FALSE
FPR3,FALSE
FRA10AC1,FALSE
FRAT2,FALSE
FRG1CP,FALSE
FRG1HP,FALSE
FRG1KP,FALSE
FRMD4A,FALSE
FRMD4A-AS1,FALSE
FRMD4B,FALSE
FRMD8,FALSE
FRRS1,FALSE
FRS2,FALSE
FRY,FALSE
FRYL,FALSE
FSAF1,FALSE
FSCN1,FALSE
FSD1L,FALSE
FSD2,FALSE
FSIP1,FALSE
FSTL1,FALSE
FTCDNL1,FALSE
FTH1P1,FALSE
FTH1P10,FALSE
FTH1P16,FALSE
FTH1P24,FALSE
FTH1P25,FALSE
FTH1P3,FALSE
FTH1P4,FALSE
FTH1P8,FALSE
FTL,FALSE
FTLP2,FALSE
FTLP3,FALSE
FTO,FALSE
FTOP1,FALSE
FTSJ1,FALSE
FTX,FALSE
FUBP1,FALSE
FUBP3,FALSE
FUCA1,FALSE
FUCA2,FALSE
FUNDC2,FALSE
FUOM,FALSE
FURIN,FALSE
FUS,FALSE
FUT10,FALSE
FUT11,FALSE
FUT8,FALSE
FXN,FALSE
FXR1,FALSE
FXR2,FALSE
FXYD5,FALSE
FXYD6-AS1,FALSE
FYB1,FALSE
FYCO1,FALSE
FYN,FALSE
FYTTD1,FALSE
FZR1,FALSE
G2E3,FALSE
G3BP1,FALSE
G3BP2,FALSE
G6PC3,FALSE
G6PD,FALSE
GAA,FALSE
GAB1,FALSE
GAB2,FALSE
GABARAPL1,FALSE
GABARAPL1-AS1,FALSE
GABARAPL2,FALSE
GABPB1,FALSE
GABPB1-AS1,FALSE
GABPB1-IT1,FALSE
GABPB2,FALSE
GADD45B,TRUE
GADD45G,FALSE
GAK,FALSE
GALC,FALSE
GALK1,FALSE
GALK2,FALSE
GALM,FALSE
GALM-AS1,FALSE
GALNS,FALSE
GALNT1,FALSE
GALNT10,FALSE
GALNT11,FALSE
GALNT12,FALSE
GALNT2,FALSE
GALNT6,FALSE
GALNT7,FALSE
GALNT7-DT,FALSE
GALT,FALSE
GAN,FALSE
GANAB,FALSE
GANC,FALSE
GAPDHP1,FALSE
GAPDHP2,FALSE
GAPDHS,FALSE
GAPLINC,FALSE
GAPVD1,FALSE
GAR1,FALSE
GAREM1,FALSE
GARRE1,FALSE
GARS1,FALSE
GARS1-DT,FALSE
GART,FALSE
GAS2L1,FALSE
GAS2L3,FALSE
GAS5-AS1,FALSE
GAS6-AS1,FALSE
GAS7,FALSE
GAS8-AS1,FALSE
GASK1B,FALSE
GASK1B-AS1,FALSE
GATAD1,FALSE
GATAD2A,FALSE
GATAD2B,FALSE
GATB,FALSE
GATC,FALSE
GATD1,FALSE
GATD1-DT,FALSE
GATM,FALSE
GBA1LP,FALSE
GBA2,FALSE
GBE1,FALSE
GBF1,FALSE
GBGT1,FALSE
GBP1,TRUE
GBP1P1,FALSE
GBP2,FALSE
GBP3,FALSE
GBP4,FALSE
GBP5,TRUE
GBP7,FALSE
GCA,FALSE
GCC1,FALSE
GCC2,FALSE
GCDH,FALSE
GCFC2,FALSE
GCG,FALSE
GCH1,TRUE
GCLC,FALSE
GCLM,FALSE
GCN1,FALSE
GCNT1,FALSE
GCNT1P3,FALSE
GCNT2,FALSE
GCNT7,FALSE
GCSHP3,FALSE
GCSHP5,FALSE
GDA,FALSE
GDAP1,FALSE
GDAP2,FALSE
GDF15,FALSE
GDI1,FALSE
GDI2,FALSE
GDPD5,FALSE
GEM,FALSE
GEMIN5,FALSE
GEMIN7,FALSE
GEMIN7-AS1,FALSE
GEMIN8,FALSE
GEN1,FALSE
GET1,FALSE
GET3,FALSE
GET4,FALSE
GFM1,FALSE
GFM2,FALSE
GFOD1,FALSE
GFOD1-AS1,FALSE
GFOD2,FALSE
GFOD3P,FALSE
GFPT1,FALSE
GFRA2,FALSE
GGA1,FALSE
GGA2,FALSE
GGA3,FALSE
GGACT,FALSE
GGCT,FALSE
GGCTP1,FALSE
GGCX,FALSE
GGH,FALSE
GGPS1,FALSE
GGT1,FALSE
GGT7,FALSE
GHITM,FALSE
GHSR,FALSE
GID4,FALSE
GID8,FALSE
GIGYF1,FALSE
GIGYF2,FALSE
GIHCG,FALSE
GIMAP1,FALSE
GIMAP2,TRUE
GIMAP4,FALSE
GIMAP5,FALSE
GIMAP6,FALSE
GIN1,FALSE
GINM1,FALSE
GINS1,FALSE
GINS3,FALSE
GIPC1,FALSE
GIPC3,FALSE
GIT1,FALSE
GIT2,FALSE
GJA5,FALSE
GJD3-AS1,FALSE
GK,FALSE
GK-AS1,FALSE
GK-IT1,FALSE
GK3,FALSE
GK5,FALSE
GLA,FALSE
GLB1,FALSE
GLB1L,FALSE
GLCE,FALSE
GLDN,FALSE
GLE1,FALSE
GLG1,FALSE
GLIPR1,FALSE
GLIPR1-AS1,FALSE
GLIPR1L2,FALSE
GLIPR2,FALSE
GLIS3,FALSE
GLMN,FALSE
GLO1,FALSE
GLOD4,FALSE
GLRX,FALSE
GLRX3,FALSE
GLRX5,FALSE
GLS,FALSE
GLS2,FALSE
GLT8D1,FALSE
GLTC1,FALSE
GLTP,FALSE
GLUD1,FALSE
GLUD1P3,FALSE
GLUL,FALSE
GLYATL1-AS1,FALSE
GLYCTK,FALSE
GLYCTK-AS1,FALSE
GLYR1,FALSE
GM2A,FALSE
GMCL1,FALSE
GMDS,FALSE
GMDS-DT,FALSE
GMEB1,FALSE
GMFB,FALSE
GMFG,FALSE
GMIP,FALSE
GMNN,FALSE
GMPPA,FALSE
GMPR,TRUE
GMPS,FALSE
GNA11,FALSE
GNA12,FALSE
GNA13,FALSE
GNA15,FALSE
GNA15-DT,FALSE
GNAI2,FALSE
GNAI3,FALSE
GNAQ,FALSE
GNAS,FALSE
GNB1,FALSE
GNB1L,FALSE
GNB4,FALSE
GNE,FALSE
GNG12,FALSE
GNG3,FALSE
GNGT2,FALSE
GNL2,FALSE
GNL3,FALSE
GNL3L,FALSE
GNPAT,FALSE
GNPDA1,FALSE
GNPDA2,FALSE
GNPTAB,FALSE
GNPTG,FALSE
GNRHR2,FALSE
GNS,FALSE
GOLGA1,FALSE
GOLGA2,FALSE
GOLGA3,FALSE
GOLGA4,FALSE
GOLGA5,FALSE
GOLGA5P1,FALSE
GOLGA7,FALSE
GOLGA8B,FALSE
GOLGB1,FALSE
GOLIM4,FALSE
GOLM1,FALSE
GOLM2,FALSE
GOLPH3,FALSE
GOLPH3L,FALSE
GOLT1B,FALSE
GON4L,FALSE
GORAB,FALSE
GORASP1,FALSE
GORASP2,FALSE
GOSR1,FALSE
GOSR2,FALSE
GOT1,FALSE
GOT2,FALSE
GPA33,FALSE
GPALPP1,FALSE
GPAM,FALSE
GPAT3,FALSE
GPAT4,FALSE
GPAT4-AS1,FALSE
GPATCH1,FALSE
GPATCH2,FALSE
GPATCH2L,FALSE
GPATCH3,FALSE
GPATCH8,FALSE
GPBAR1,FALSE
GPBP1,FALSE
GPBP1L1,FALSE
GPC4,FALSE
GPCPD1,FALSE
GPD1,FALSE
GPD1L,FALSE
GPD2,FALSE
GPER1,FALSE
GPHN,FALSE
GPI,FALSE
GPKOW,FALSE
GPN1,FALSE
GPN2,FALSE
GPN3,FALSE
GPNMB,FALSE
GPR107,FALSE
GPR132,FALSE
GPR137B,FALSE
GPR141,FALSE
GPR155,FALSE
GPR155-DT,FALSE
GPR157,FALSE
GPR160,FALSE
GPR18,FALSE
GPR183,FALSE
GPR21,FALSE
GPR22,FALSE
GPR34,FALSE
GPR35,FALSE
GPR37L1,FALSE
GPR52,FALSE
GPR68,FALSE
GPR79,FALSE
GPR82,FALSE
GPR84-AS1,FALSE
GPR85,FALSE
GPR89A,FALSE
GPRASP1,FALSE
GPRC5D-AS1,FALSE
GPRIN3,FALSE
GPSM2,FALSE
GPT,FALSE
GPT2,FALSE
GPX3,FALSE
GPX4,FALSE
GRAMD1A,FALSE
GRAMD2B,FALSE
GRAMD4,FALSE
GRASLND,FALSE
GRB10,FALSE
GRB2,FALSE
GRHL1,FALSE
GRHPR,FALSE
GRIN3A,FALSE
GRINA,FALSE
GRIPAP1,FALSE
GRK2,FALSE
GRK3,FALSE
GRK6,FALSE
GRM1,FALSE
GRN,FALSE
GRPEL1,FALSE
GRPEL2,FALSE
GRPEL2-AS1,FALSE
GRSF1,FALSE
GRTP1,FALSE
GRWD1,FALSE
GS1-24F4.2,FALSE
GSAP,FALSE
GSDME,FALSE
GSE1,FALSE
GSEC,FALSE
GSK3B,FALSE
GSK3B-DT,FALSE
GSKIP,FALSE
GSN,FALSE
GSN-AS1,FALSE
GSPT1,FALSE
GSR,FALSE
GSS,FALSE
GSTCD,FALSE
GSTK1,FALSE
GSTM2,FALSE
GSTM3,FALSE
GSTM4,FALSE
GSTO1,FALSE
GSTP1,FALSE
GSTT1,FALSE
GSTZ1,FALSE
GTDC1,FALSE
GTF2A1,FALSE
GTF2A2,FALSE
GTF2B,FALSE
GTF2E1,FALSE
GTF2E2,FALSE
GTF2F1,FALSE
GTF2F2,FALSE
GTF2H1,FALSE
GTF2H3,FALSE
GTF2H5,FALSE
GTF2I,FALSE
GTF2I-AS1,FALSE
GTF2IRD1,FALSE
GTF2IRD1P1,FALSE
GTF3AP2,FALSE
GTF3C1,FALSE
GTF3C2,FALSE
GTF3C2-AS1,FALSE
GTF3C2-AS2,FALSE
GTF3C3,FALSE
GTF3C4,FALSE
GTF3C5,FALSE
GTF3C6,FALSE
GTPBP1,TRUE
GTPBP10,FALSE
GTPBP2,FALSE
GTPBP3,FALSE
GTPBP4,FALSE
GTPBP8,FALSE
GTSE1,FALSE
GUCD1,FALSE
GUCY1B1,FALSE
GUF1,FALSE
GUK1,FALSE
GUSB,FALSE
GUSBP11,FALSE
GVINP1,FALSE
GXYLT1,FALSE
GXYLT1P4,FALSE
GXYLT1P6,FALSE
GXYLT2,FALSE
GYG1,FALSE
GYG2P2,FALSE
GYPC,FALSE
GYS1,FALSE
GZF1,FALSE
H1-0,FALSE
H1-12P,FALSE
H1-2,FALSE
H1-4,FALSE
H1-5,FALSE
H1-8P1,FALSE
H2AC6,FALSE
H2AC8,FALSE
H2AJ,FALSE
H2AZ1,FALSE
H2AZ2,FALSE
H2BC19P,FALSE
H2BC4,FALSE
H2BP1,FALSE
H3-3A,FALSE
H3-3B,FALSE
H3C12,FALSE
H3C4,FALSE
H3P16,FALSE
H3P25,FALSE
H3P31,FALSE
H3P33,FALSE
H3P42,FALSE
H3P6,FALSE
H3P8,FALSE
H4C6,FALSE
H6PD,FALSE
HAAO,FALSE
HACD1,FALSE
HACD2,FALSE
HACD3,FALSE
HACD4,FALSE
HACE1,FALSE
HACL1,FALSE
HACL2,FALSE
HADH,FALSE
HADHA,FALSE
HADHAP1,FALSE
HADHB,FALSE
HAGH,FALSE
HAGHL,FALSE
HAL,FALSE
HAPLN3,TRUE
HARS1,FALSE
HARS2,FALSE
HAS3,FALSE
HASPIN,FALSE
HAUS1,FALSE
HAUS1P1,FALSE
HAUS2,FALSE
HAUS3,FALSE
HAUS4,FALSE
HAUS5,FALSE
HAUS6,FALSE
HAUS7,FALSE
HAUS8,FALSE
HAVCR2,FALSE
HBEGF,FALSE
HBP1,FALSE
HBS1L,FALSE
HCCS,FALSE
HCFC2,FALSE
HCK,FALSE
HCLS1,FALSE
HCN2,FALSE
HCRTR1,FALSE
HCST,FALSE
HDAC1,FALSE
HDAC10,FALSE
HDAC2,FALSE
HDAC2-AS2,FALSE
HDAC3,FALSE
HDAC4,FALSE
HDAC4-AS1,FALSE
HDAC5,FALSE
HDAC6,FALSE
HDAC7,FALSE
HDAC8,FALSE
HDAC9,FALSE
HDDC2,FALSE
HDDC3,FALSE
HDGF,FALSE
HDGFL2,FALSE
HDGFL3,FALSE
HDHD2,FALSE
HDHD3,FALSE
HDHD5,FALSE
HDLBP,FALSE
HEATR1,FALSE
HEATR3,FALSE
HEATR5A,FALSE
HEATR5A-DT,FALSE
HEATR5B,FALSE
HEATR6,FALSE
HEATR6-DT,FALSE
HEBP1,FALSE
HECA,FALSE
HECTD1,FALSE
HECTD3,FALSE
HECTD4,FALSE
HEG1,FALSE
HEIH,FALSE
HELB,TRUE
HELLPAR,FALSE
HELLS,FALSE
HELQ,FALSE
HELZ,FALSE
HELZ2,TRUE
HEMK1,FALSE
HENMT1,FALSE
HERC1,FALSE
HERC3,FALSE
HERC4,FALSE
HERC5,TRUE
HERC6,TRUE
HERPUD1,FALSE
HERPUD2,FALSE
HES2,FALSE
HES6,FALSE
HESX1,FALSE
HEXA,FALSE
HEXB,FALSE
HEXD,FALSE
HEXIM2-AS1,FALSE
HFE,FALSE
HGD,FALSE
HGH1,FALSE
HGS,FALSE
HGSNAT,FALSE
HHAT,FALSE
HHEX,FALSE
HIBADH,FALSE
HIBCH,FALSE
HIC1,FALSE
HIC2,FALSE
HIF1A,FALSE
HIF1A-AS3,FALSE
HIF1AN,FALSE
HIGD1A,FALSE
HIGD1AP13,FALSE
HIGD1AP14,FALSE
HIGD2A,FALSE
HIKESHI,FALSE
HIKESHIP3,FALSE
HILPDA,FALSE
HINFP,FALSE
HINT1,FALSE
HINT2,FALSE
HIP1,FALSE
HIPK1,FALSE
HIPK2,FALSE
HIPK3,FALSE
HISLA,FALSE
HIVEP1,FALSE
HIVEP2,TRUE
HIVEP3,FALSE
HJURP,FALSE
HK1,FALSE
HK2,FALSE
HK3,FALSE
HLA-A,FALSE
HLA-B,FALSE
HLA-C,FALSE
HLA-DMA,FALSE
HLA-DPB1,FALSE
HLA-DQA1,FALSE
HLA-DQB1,FALSE
HLA-DQB1-AS1,FALSE
HLA-DRB1,FALSE
HLA-DRB4,FALSE
HLA-DRB5,FALSE
HLA-F,FALSE
HLCS,FALSE
HLTF,FALSE
HLX-AS1,FALSE
HM13,FALSE
HMBOX1,FALSE
HMBS,FALSE
HMG20A,FALSE
HMG20B,FALSE
HMGA1,FALSE
HMGA1P2,FALSE
HMGB1,FALSE
HMGB1P14,FALSE
HMGB1P19,FALSE
HMGB1P21,FALSE
HMGB1P23,FALSE
HMGB1P51,FALSE
HMGB1P8,FALSE
HMGB2,FALSE
HMGB3,FALSE
HMGB3P14,FALSE
HMGB3P22,FALSE
HMGB3P28,FALSE
HMGB3P4,FALSE
HMGCL,FALSE
HMGCR,FALSE
HMGCS1,FALSE
HMGN1,FALSE
HMGN1P1,FALSE
HMGN1P2,FALSE
HMGN1P24,FALSE
HMGN1P3,FALSE
HMGN1P36,FALSE
HMGN1P8,FALSE
HMGN2,FALSE
HMGN2P27,FALSE
HMGN2P35,FALSE
HMGN3,FALSE
HMGN4,FALSE
HMGXB3,FALSE
HMGXB4,FALSE
HMMR,FALSE
HMMR-AS1,FALSE
HMOX1,FALSE
HNMT,FALSE
HNRNPA1P15,FALSE
HNRNPA1P49,FALSE
HNRNPA1P59,FALSE
HNRNPA1P62,FALSE
HNRNPA1P68,FALSE
HNRNPA2B1,FALSE
HNRNPA3P15,FALSE
HNRNPA3P9,FALSE
HNRNPC,FALSE
HNRNPD,FALSE
HNRNPDL,FALSE
HNRNPF,FALSE
HNRNPH1,FALSE
HNRNPK,FALSE
HNRNPK-AS1,FALSE
HNRNPL,FALSE
HNRNPLL,FALSE
HNRNPM,FALSE
HNRNPMP1,FALSE
HNRNPR,FALSE
HNRNPU,FALSE
HNRNPUL1,FALSE
HNRNPUL2,FALSE
HOMER1,FALSE
HOMER2,FALSE
HOMER3,FALSE
HOMEZ,FALSE
HOOK2,FALSE
HOOK3,FALSE
HORMAD1,FALSE
HORMAD2-AS1,FALSE
HOXB3,FALSE
HP1BP3,FALSE
HPCA,FALSE
HPCAL1,FALSE
HPF1,FALSE
HPGD,FALSE
HPGDS,FALSE
HPRT1,FALSE
HPS1,FALSE
HPS3,FALSE
HPS4,FALSE
HPS5,FALSE
HPSE,TRUE
HRG-AS1,FALSE
HRH1,FALSE
HRK,FALSE
HS1BP3,FALSE
HS2ST1,FALSE
HS3ST2,FALSE
HS3ST3B1,FALSE
HSALR1,FALSE
HSBP1,FALSE
HSCB,FALSE
HSD11B1,FALSE
HSD17B11,FALSE
HSD17B12,FALSE
HSD17B14,FALSE
HSD17B1P1,FALSE
HSD17B4,FALSE
HSD17B7,FALSE
HSD17B7P2,FALSE
HSD3B7,FALSE
HSD3BP5,FALSE
HSDL1,FALSE
HSDL2,FALSE
HSDL2-AS1,FALSE
HSH2D-AS1,FALSE
HSP90AA1,FALSE
HSP90B1,FALSE
HSPA13,FALSE
HSPA14,FALSE
HSPA2,FALSE
HSPA2-AS1,FALSE
HSPA4,FALSE
HSPA4L,FALSE
HSPA5,FALSE
HSPA6,FALSE
HSPA7,FALSE
HSPA8,FALSE
HSPA8P15,FALSE
HSPA8P19,FALSE
HSPA8P3,FALSE
HSPA9,FALSE
HSPB1,FALSE
HSPBAP1,FALSE
HSPBP1,FALSE
HSPD1,FALSE
HSPE1,FALSE
HSPE1-MOB4,FALSE
HSPE1P13,FALSE
HSPE1P18,FALSE
HSPE1P25,FALSE
HSPE1P26,FALSE
HSPE1P28,FALSE
HSPG2,FALSE
HSPH1,FALSE
HTATIP2,FALSE
HTATSF1,FALSE
HTR1DP1,FALSE
HTR2B,FALSE
HTR7P1,FALSE
HTT,FALSE
HUS1,FALSE
HUWE1,FALSE
HVCN1,FALSE
HYAL2,FALSE
HYCC1,FALSE
HYCC2,FALSE
HYLS1,FALSE
HYOU1,FALSE
IAH1,FALSE
IARS1,FALSE
IARS2,FALSE
IBA57,FALSE
IBSP,FALSE
IBTK,FALSE
ICA1,FALSE
ICA1L,FALSE
ICAM1,FALSE
ICAM3,FALSE
ICAM4-AS1,FALSE
ICE1,FALSE
ICE2,FALSE
ID2,FALSE
ID2-AS1,FALSE
ID3,FALSE
IDE,FALSE
IDH1,FALSE
IDH3A,FALSE
IDI1,FALSE
IDI2-AS1,FALSE
IDNK,FALSE
IDO1,TRUE
IDS,FALSE
IER2,FALSE
IER3IP1,FALSE
IER5L-AS1,FALSE
IFI16,FALSE
IFI30,FALSE
IFI35,TRUE
IFI44,FALSE
IFI44L,TRUE
IFI6,FALSE
IFIH1,FALSE
IFIT1,TRUE
IFIT1B,FALSE
IFIT2,TRUE
IFIT3,FALSE
IFIT5,FALSE
IFITM3,TRUE
IFITM3-AS1,FALSE
IFNA1,FALSE
IFNA13,FALSE
IFNAR1,FALSE
IFNAR2,FALSE
IFNAR2-IL10RB,FALSE
IFNGR1,FALSE
IFNK,FALSE
IFNLR1,FALSE
IFRD1,FALSE
IFT122,FALSE
IFT25,FALSE
IFT27,FALSE
IFT43,FALSE
IFT46,FALSE
IFT52,FALSE
IFT56,FALSE
IFT57,FALSE
IFT74,FALSE
IFT74-AS1,FALSE
IFT80,FALSE
IFTAP,FALSE
IGBP1-AS1,FALSE
IGBP1-AS2,FALSE
IGF1,FALSE
IGF1R,FALSE
IGF2BP2,FALSE
IGF2BP2-AS1,FALSE
IGF2BP3,FALSE
IGF2R,FALSE
IGFBP2,FALSE
IGFBP7,FALSE
IGHEP2,FALSE
IGHMBP2,FALSE
IGLCOR22-2,FALSE
IGLV5-52,FALSE
IGSF10,FALSE
IGSF6,FALSE
IGSF8,FALSE
IK,FALSE
IKBIP,FALSE
IKBKB,FALSE
IKBKE,FALSE
IKBKE-AS1,FALSE
IKZF1,FALSE
IKZF2,FALSE
IL10RA,TRUE
IL10RB,FALSE
IL10RB-DT,FALSE
IL13RA1,FALSE
IL15,TRUE
IL15RA,TRUE
IL16,FALSE
IL17RA,FALSE
IL17RC,FALSE
IL18,FALSE
IL19,FALSE
IL1A,FALSE
IL1B,FALSE
IL1R1,FALSE
IL1R2,FALSE
IL1RAP,FALSE
IL1RN,FALSE
IL20RB,FALSE
IL21R,FALSE
IL21R-AS1,FALSE
IL27,TRUE
IL2RA,FALSE
IL2RG,FALSE
IL32,FALSE
IL36B,FALSE
IL4I1,FALSE
IL4R,FALSE
IL6,TRUE
IL6R,FALSE
IL6ST,FALSE
IL7,FALSE
IL7R,FALSE
ILF3,FALSE
ILKAP,FALSE
ILRUN,FALSE
IMMP1L,FALSE
IMMP1LP1,FALSE
IMMP2L,FALSE
IMMT,FALSE
IMP3,FALSE
IMP4,FALSE
IMPA1,FALSE
IMPA2,FALSE
IMPACT,FALSE
IMPDH1,FALSE
INCENP,FALSE
INCR1,FALSE
INF2,FALSE
ING1,FALSE
ING2,FALSE
ING3,FALSE
ING4,FALSE
ING5,FALSE
INHBA,FALSE
INHBA-AS1,FALSE
INIP,FALSE
INKA2,FALSE
INO80,FALSE
INO80C,FALSE
INO80D,FALSE
INO80D-AS1,FALSE
INO80E,FALSE
INPP4A,FALSE
INPP5A,FALSE
INPP5B,FALSE
INPP5D,FALSE
INPP5K,FALSE
INSIG1,FALSE
INSIG1-DT,FALSE
INSIG2,FALSE
INSL6,FALSE
INSYN2A,FALSE
INSYN2B,FALSE
INTS1,FALSE
INTS10,FALSE
INTS11,FALSE
INTS12,FALSE
INTS13,FALSE
INTS14,FALSE
INTS15,FALSE
INTS2,FALSE
INTS4,FALSE
INTS5,FALSE
INTS6,FALSE
INTS6-AS1,FALSE
INTS7,FALSE
INTS8,FALSE
INTS9,FALSE
INTS9-AS1,FALSE
INTU,FALSE
INVS,FALSE
IP6K1,FALSE
IP6K2,FALSE
IPCEF1,FALSE
IPO11,FALSE
IPO13,FALSE
IPO5,FALSE
IPO7,FALSE
IPO8,FALSE
IPO9,FALSE
IPO9-AS1,FALSE
IPP,FALSE
IPPK,FALSE
IQCB1,FALSE
IQCC-AS1,FALSE
IQCE,FALSE
IQCG,FALSE
IQCK,FALSE
IQCK-AS1,FALSE
IQGAP1,FALSE
IQGAP2,FALSE
IQGAP3,FALSE
IQSEC1,FALSE
IQSEC2,FALSE
IRAG2,FALSE
IRAK1,FALSE
IRAK1BP1,FALSE
IRAK3,FALSE
IRAK4,FALSE
IREB2,FALSE
IRF1,TRUE
IRF2,FALSE
IRF2BP2,FALSE
IRF2BPL,FALSE
IRF3,FALSE
IRF4,FALSE
IRF8,FALSE
IRGQ,FALSE
ISCA1,FALSE
ISCA2,FALSE
ISCU,FALSE
ISG15,TRUE
ISG20,TRUE
ISG20L2,FALSE
ISM2,FALSE
ISOC1,FALSE
ISOC2,FALSE
IST1,FALSE
ISY1,FALSE
ITCH,FALSE
ITCH-AS1,FALSE
ITCH-IT1,FALSE
ITFG1,FALSE
ITFG1-AS1,FALSE
ITFG1-AS2,FALSE
ITFG2,FALSE
ITFG2-AS1,FALSE
ITGA3,FALSE
ITGA4,FALSE
ITGA5,FALSE
ITGA6,FALSE
ITGA6-AS1,FALSE
ITGAE,FALSE
ITGAL,FALSE
ITGAM,FALSE
ITGAV,FALSE
ITGAX,FALSE
ITGB1,FALSE
ITGB1BP1,FALSE
ITGB1P1,FALSE
ITGB2,FALSE
ITGB3,FALSE
ITGB3BP,FALSE
ITGB5,FALSE
ITGB8,FALSE
ITGBL1,FALSE
ITIH4,FALSE
ITM2B,FALSE
ITPA,FALSE
ITPK1P1,FALSE
ITPKB,FALSE
ITPKB-AS1,FALSE
ITPR1,FALSE
ITPR2,FALSE
ITPR2-AS2,FALSE
ITPRID2,FALSE
ITPRID2-DT,FALSE
ITPRIP,FALSE
ITPRIP-AS1,FALSE
ITPRIPL1,FALSE
ITPRIPL2,FALSE
ITPRIPL2-AS1,FALSE
ITSN1,FALSE
ITSN2,FALSE
IVD,FALSE
IVNS1ABP,FALSE
JADE1,FALSE
JADE2,TRUE
JAG1,FALSE
JAK1,FALSE
JAK2,FALSE
JAK3,TRUE
JAKMIP2,FALSE
JAKMIP2-AS1,FALSE
JAML,FALSE
JARID2,FALSE
JARID2-AS1,FALSE
JAZF1,FALSE
JDP2,FALSE
JHY,FALSE
JKAMP,FALSE
JMJD1C,FALSE
JMJD4,FALSE
JMJD7,FALSE
JMY,FALSE
JOSD1,FALSE
JOSD2,FALSE
JPT2,FALSE
JPX,FALSE
JRK,FALSE
JTB-DT,FALSE
JTBP1,FALSE
JUN,FALSE
JUND,FALSE
JUP,TRUE
KALRN,FALSE
KANK1,FALSE
KANK2,FALSE
KANK3,FALSE
KANSL1L,FALSE
KANSL1L-AS1,FALSE
KANSL2,FALSE
KANSL3,FALSE
KARS1,FALSE
KAT14,FALSE
KAT2A,FALSE
KAT2B,FALSE
KAT6A,FALSE
KAT6B,FALSE
KAT7,FALSE
KAT8,FALSE
KATNA1,FALSE
KATNAL1,FALSE
KATNAL2,FALSE
KATNB1,FALSE
KATNBL1,FALSE
KATNBL1P3,FALSE
KATNIP,FALSE
KBTBD2,FALSE
KBTBD3,FALSE
KBTBD6-DT,FALSE
KBTBD8,FALSE
KCMF1,FALSE
KCNA10,FALSE
KCNA2,FALSE
KCNA3,FALSE
KCNAB2,FALSE
KCNAB3,FALSE
KCNE1,FALSE
KCNH7,FALSE
KCNIP4,FALSE
KCNJ1,FALSE
KCNJ2,FALSE
KCNJ5,FALSE
KCNJ5-AS1,FALSE
KCNK6,FALSE
KCNMA1,FALSE
KCNMA1-AS1,FALSE
KCNMA1-AS3,FALSE
KCNMB1,FALSE
KCNMB3,FALSE
KCNN4,FALSE
KCNQ1,FALSE
KCP,FALSE
KCTD10,FALSE
KCTD12,FALSE
KCTD13,FALSE
KCTD17,FALSE
KCTD18,FALSE
KCTD2,FALSE
KCTD20,FALSE
KCTD21-AS1,FALSE
KCTD3,FALSE
KCTD4,FALSE
KCTD5,FALSE
KCTD6,FALSE
KCTD7,FALSE
KCTD9,FALSE
KDELR1,FALSE
KDELR2,FALSE
KDM1A,FALSE
KDM2A,FALSE
KDM2B,FALSE
KDM3A,FALSE
KDM3B,FALSE
KDM4A,FALSE
KDM4A-AS1,FALSE
KDM4B,FALSE
KDM4C,FALSE
KDM5A,FALSE
KDM5B,FALSE
KDM5C,FALSE
KDM5C-IT1,FALSE
KDM5D,FALSE
KDM6A,FALSE
KDM6B,FALSE
KDM7A,FALSE
KDSR,FALSE
KEAP1,FALSE
KGD4,FALSE
KHDC4,FALSE
KHDRBS1,FALSE
KHNYN,FALSE
KHSRP,FALSE
KIAA0040,TRUE
KIAA0232,FALSE
KIAA0319L,FALSE
KIAA0513,FALSE
KIAA0586,FALSE
KIAA0753,FALSE
KIAA0930,FALSE
KIAA1586,FALSE
KIAA2013,FALSE
KICS2,FALSE
KIDINS220,FALSE
KIF13A,FALSE
KIF13B,FALSE
KIF15,FALSE
KIF16B,FALSE
KIF18A,FALSE
KIF1B,FALSE
KIF1C,FALSE
KIF1C-AS1,FALSE
KIF20A,FALSE
KIF20B,FALSE
KIF21A,FALSE
KIF21B,FALSE
KIF22,FALSE
KIF23,FALSE
KIF23-AS1,FALSE
KIF24,FALSE
KIF2A,FALSE
KIF2C,FALSE
KIF3A,FALSE
KIF3C,FALSE
KIF5B,FALSE
KIFAP3,FALSE
KIFBP,FALSE
KIFC2,FALSE
KIFC3,FALSE
KIN,FALSE
KITLG,FALSE
KLC1,FALSE
KLC1-AS1,FALSE
KLC3,FALSE
KLC4,FALSE
KLF10,FALSE
KLF16,FALSE
KLF16-AS1,FALSE
KLF3,FALSE
KLF3P1,FALSE
KLF4,TRUE
KLF6,FALSE
KLF7,FALSE
KLF7-IT1,FALSE
KLF8,FALSE
KLF9,FALSE
KLHDC1,FALSE
KLHDC10,FALSE
KLHDC2,FALSE
KLHDC4,FALSE
KLHDC8B,FALSE
KLHDC9,FALSE
KLHL12,FALSE
KLHL15,FALSE
KLHL18,FALSE
KLHL2,FALSE
KLHL20,FALSE
KLHL22,FALSE
KLHL24,FALSE
KLHL25,FALSE
KLHL25P1,FALSE
KLHL26,FALSE
KLHL28,FALSE
KLHL36,FALSE
KLHL42,FALSE
KLHL5,FALSE
KLHL6,FALSE
KLHL6-AS1,FALSE
KLHL7,FALSE
KLHL8,FALSE
KMO,FALSE
KMT2A,FALSE
KMT2C,FALSE
KMT2D,FALSE
KMT2E,FALSE
KMT5A,FALSE
KMT5B,FALSE
KNL1,FALSE
KNOP1,FALSE
KNSTRN,FALSE
KNTC1,FALSE
KPNA1,FALSE
KPNA2,FALSE
KPNA2P3,FALSE
KPNA3,FALSE
KPNA4,FALSE
KPNA5,FALSE
KPNA6,FALSE
KPNB1,FALSE
KPNB1-DT,FALSE
KPTN,FALSE
KRBOX4,FALSE
KRBOX5,FALSE
KREMEN1,FALSE
KRI1,FALSE
KRIT1,FALSE
KRR1,FALSE
KRR1P1,FALSE
KRT18P31,FALSE
KRT18P57,FALSE
KRT18P7,FALSE
KRT78,FALSE
KRT79,FALSE
KRT8P3,FALSE
KRT8P39,FALSE
KRT8P46,FALSE
KRTCAP2,FALSE
KSR1,FALSE
KTI12,FALSE
KTN1,FALSE
KXD1,FALSE
KYAT1,FALSE
KYAT3,FALSE
KYNU,FALSE
L2HGDH,FALSE
L3MBTL2,FALSE
L3MBTL2-AS1,FALSE
L3MBTL3,FALSE
L3MBTL4,FALSE
LACC1,FALSE
LACTB,FALSE
LACTB2,FALSE
LACTB2-AS1,FALSE
LAIR1,FALSE
LAMA3,FALSE
LAMA5,FALSE
LAMB2,FALSE
LAMB3,FALSE
LAMC1,FALSE
LAMP1,FALSE
LAMP2,FALSE
LAMTOR1,FALSE
LAMTOR2,FALSE
LAMTOR3,FALSE
LAMTOR3P2,FALSE
LAMTOR4,FALSE
LAMTOR5,FALSE
LANCL1,FALSE
LANCL1-AS1,FALSE
LANCL2,FALSE
LAP3,FALSE
LAPTM4A,FALSE
LAPTM5,FALSE
LARGE1,FALSE
LARP1,FALSE
LARP1B,FALSE
LARP4,FALSE
LARP4B,FALSE
LARP7,FALSE
LARS1,FALSE
LARS2,FALSE
LARS2-AS1,FALSE
LAS1L,FALSE
LASP1,FALSE
LAT,FALSE
LAT2,FALSE
LATS1,FALSE
LAYN,FALSE
LBR,FALSE
LBX2-AS1,FALSE
LCA5L,FALSE
LCAT,FALSE
LCMT1,FALSE
LCMT1-AS1,FALSE
LCMT1-AS2,FALSE
LCMT2,FALSE
LCOR,FALSE
LCORL,FALSE
LCP1,FALSE
LCP2,FALSE
LDAF1,FALSE
LDAH,FALSE
LDB1,FALSE
LDHA,FALSE
LDHAL6B,FALSE
LDHAL6FP,FALSE
LDHAP2,FALSE
LDHB,FALSE
LDLR,FALSE
LDLRAD2,FALSE
LDLRAD3,FALSE
LDLRAD4,FALSE
LDLRAD4-AS2,FALSE
LDLRAP1,FALSE
LEAP2,FALSE
LEKR1,FALSE
LEMD2,FALSE
LEMD3,FALSE
LEO1,FALSE
LEPR,FALSE
LEPROT,FALSE
LEPROTL1,FALSE
LETM1,FALSE
LETM2,FALSE
LETMD1,FALSE
LFNG,FALSE
LGALS1,FALSE
LGALS3,FALSE
LGALS3BP,FALSE
LGALS8,FALSE
LGALS9,FALSE
LGALSL,FALSE
LGI2,FALSE
LGMN,FALSE
LHB,FALSE
LHFPL2,FALSE
LHFPL3-AS2,FALSE
LHFPL5,FALSE
LHPP,FALSE
LIAS,FALSE
LIAT1,FALSE
LIF-AS1,FALSE
LIG1,FALSE
LIG3,FALSE
LIG4,FALSE
LILRA2P1,FALSE
LIMA1,FALSE
LIMCH1,FALSE
LIMD1-AS1,FALSE
LIMK1,FALSE
LIMK2,FALSE
LIMS1,FALSE
LIN52,FALSE
LIN54,FALSE
LIN7C,FALSE
LINC-PINT,FALSE
LINC00205,FALSE
LINC00216,FALSE
LINC00278,FALSE
LINC00339,FALSE
LINC00342,FALSE
LINC00467,FALSE
LINC00472,FALSE
LINC00504,FALSE
LINC00515,FALSE
LINC00520,FALSE
LINC00607,FALSE
LINC00624,FALSE
LINC00630,FALSE
LINC00635,FALSE
LINC00641,FALSE
LINC00649,FALSE
LINC00654,FALSE
LINC00662,FALSE
LINC00667,FALSE
LINC00674,FALSE
LINC00680,FALSE
LINC00707,FALSE
LINC00847,FALSE
LINC00869,FALSE
LINC00881,FALSE
LINC00885,FALSE
LINC00910,FALSE
LINC00957,FALSE
LINC00968,FALSE
LINC01010,FALSE
LINC01011,FALSE
LINC01018,FALSE
LINC01033,FALSE
LINC01050,FALSE
LINC01063,FALSE
LINC01089,FALSE
LINC01126,FALSE
LINC01127,FALSE
LINC01128,FALSE
LINC01147,FALSE
LINC01160,FALSE
LINC01187,FALSE
LINC01191,FALSE
LINC01246,FALSE
LINC01269,FALSE
LINC01270,FALSE
LINC01278,FALSE
LINC01283,FALSE
LINC01376,FALSE
LINC01409,FALSE
LINC01426,FALSE
LINC01460,FALSE
LINC01485,FALSE
LINC01504,FALSE
LINC01521,FALSE
LINC01526,FALSE
LINC01547,FALSE
LINC01572,FALSE
LINC01585,FALSE
LINC01588,FALSE
LINC01629,FALSE
LINC01664,FALSE
LINC01684,FALSE
LINC01772,FALSE
LINC01779,FALSE
LINC01800,FALSE
LINC01806,FALSE
LINC01825,FALSE
LINC01890,FALSE
LINC02009,FALSE
LINC02154,FALSE
LINC02172,FALSE
LINC02185,FALSE
LINC02201,FALSE
LINC02244,FALSE
LINC02245,FALSE
LINC02257,FALSE
LINC02302,FALSE
LINC02320,FALSE
LINC02328,FALSE
LINC02345,FALSE
LINC02356,FALSE
LINC02362,FALSE
LINC02363,FALSE
LINC02376,FALSE
LINC02427,FALSE
LINC02432,FALSE
LINC02529,FALSE
LINC02541,FALSE
LINC02542,FALSE
LINC02552,FALSE
LINC02561,FALSE
LINC02574,FALSE
LINC02603,FALSE
LINC02635,FALSE
LINC02694,FALSE
LINC02798,FALSE
LINC02801,FALSE
LINC02828,FALSE
LINC02842,FALSE
LINC02863,FALSE
LINC02883,FALSE
LINC02970,FALSE
LINC02972,FALSE
LINC02975,FALSE
LINC02977,FALSE
LINC02980,FALSE
LINC02981,FALSE
LINC02983,FALSE
LINC02987,FALSE
LINC03002,FALSE
LINC03040,FALSE
LINC03058,FALSE
LINC03063,FALSE
LINC03068,FALSE
LINC03070,FALSE
LINC03073,FALSE
LINC03076,FALSE
LINC03108,FALSE
LINC03122,FALSE
LINC03140,FALSE
LINGO1,FALSE
LINS1,FALSE
LIPA,FALSE
LIPE,FALSE
LIPE-AS1,FALSE
LIPG,FALSE
LIPT1,FALSE
LITAF,FALSE
LIX1L-AS1,FALSE
LLPH,FALSE
LMAN1,FALSE
LMAN2,FALSE
LMAN2L,FALSE
LMBR1,FALSE
LMBR1L,FALSE
LMBRD1,FALSE
LMBRD2,FALSE
LMF2,FALSE
LMLN,FALSE
LMNA,FALSE
LMNB1,FALSE
LMO2,FALSE
LMO4,FALSE
LMO7,FALSE
LMO7-AS1,FALSE
LMOD3,FALSE
LMTK2,FALSE
LNCATV,FALSE
LNCROPM,FALSE
LNPEP,FALSE
LNPK,FALSE
LNX1,FALSE
LOC100128079,FALSE
LOC100128548,FALSE
LOC100128993,FALSE
LOC100129573,FALSE
LOC100129844,FALSE
LOC100130357,FALSE
LOC100130691,FALSE
LOC100131496,FALSE
LOC100286962,FALSE
LOC100287148,FALSE
LOC100287290,FALSE
LOC100287355,FALSE
LOC100288175,FALSE
LOC100289473,FALSE
LOC100289495,FALSE
LOC100289518,FALSE
LOC100294713,FALSE
LOC100418723,FALSE
LOC100419073,FALSE
LOC100419515,FALSE
LOC100419654,FALSE
LOC100419774,FALSE
LOC100419830,FALSE
LOC100419851,FALSE
LOC100419913,FALSE
LOC100420053,FALSE
LOC100420066,FALSE
LOC100420214,FALSE
LOC100420226,FALSE
LOC100420298,FALSE
LOC100420532,FALSE
LOC100420576,FALSE
LOC100420680,FALSE
LOC100421336,FALSE
LOC100421400,FALSE
LOC100421465,FALSE
LOC100421468,FALSE
LOC100422225,FALSE
LOC100422274,FALSE
LOC100422317,FALSE
LOC100422441,FALSE
LOC100422493,FALSE
LOC100422497,FALSE
LOC100422687,FALSE
LOC100506224,FALSE
LOC100506235,FALSE
LOC100507403,FALSE
LOC100996437,FALSE
LOC100996660,FALSE
LOC101926907,FALSE
LOC101927018,FALSE
LOC101927098,FALSE
LOC101927164,FALSE
LOC101927377,FALSE
LOC101927414,FALSE
LOC101927480,FALSE
LOC101927687,FALSE
LOC101927888,FALSE
LOC101928007,FALSE
LOC101928016,FALSE
LOC101928045,FALSE
LOC101928053,FALSE
LOC101928335,FALSE
LOC101928517,FALSE
LOC101928525,FALSE
LOC101928557,FALSE
LOC101928565,FALSE
LOC101928893,FALSE
LOC101929104,FALSE
LOC101929109,FALSE
LOC101929270,FALSE
LOC101929532,FALSE
LOC101929657,FALSE
LOC102723324,FALSE
LOC102723413,FALSE
LOC102723566,FALSE
LOC102723663,FALSE
LOC102723838,FALSE
LOC102724587,FALSE
LOC102724684,FALSE
LOC105370174,FALSE
LOC105370489,FALSE
LOC105370792,FALSE
LOC105370887,FALSE
LOC105371279,FALSE
LOC105371856,FALSE
LOC105372295,FALSE
LOC105372480,FALSE
LOC105372738,FALSE
LOC105373780,FALSE
LOC105374101,FALSE
LOC105374901,FALSE
LOC105375713,FALSE
LOC105375840,FALSE
LOC105375903,FALSE
LOC105375924,FALSE
LOC105376244,FALSE
LOC105376713,FALSE
LOC105377329,FALSE
LOC105378353,FALSE
LOC105379003,FALSE
LOC107984970,FALSE
LOC107984974,FALSE
LOC107985074,FALSE
LOC107985532,FALSE
LOC107985688,FALSE
LOC107985984,FALSE
LOC107986453,FALSE
LOC107986760,FALSE
LOC112268198,FALSE
LOC112268419,FALSE
LOC112268431,FALSE
LOC121627959,FALSE
LOC122539214,FALSE
LOC124900181,FALSE
LOC124900202,FALSE
LOC124900208,FALSE
LOC124900212,FALSE
LOC124900217,FALSE
LOC124900239,FALSE
LOC124900265,FALSE
LOC124900269,FALSE
LOC124900271,FALSE
LOC124900275,FALSE
LOC124900293,FALSE
LOC124900296,FALSE
LOC124900313,FALSE
LOC124900314,FALSE
LOC124900327,FALSE
LOC124900332,FALSE
LOC124900346,FALSE
LOC124900364,FALSE
LOC124900376,FALSE
LOC124900379,FALSE
LOC124900419,FALSE
LOC124900439,FALSE
LOC124900443,FALSE
LOC124900447,FALSE
LOC124900448,FALSE
LOC124900460,FALSE
LOC124900498,FALSE
LOC124900524,FALSE
LOC124900525,FALSE
LOC124900537,FALSE
LOC124900541,FALSE
LOC124900553,FALSE
LOC124900555,FALSE
LOC124900564,FALSE
LOC124900577,FALSE
LOC124900589,FALSE
LOC124900916,FALSE
LOC124900922,FALSE
LOC124901016,FALSE
LOC124901449,FALSE
LOC124901582,FALSE
LOC124901856,FALSE
LOC124901966,FALSE
LOC124902013,FALSE
LOC124902026,FALSE
LOC124902027,FALSE
LOC124902108,FALSE
LOC124902338,FALSE
LOC124902388,FALSE
LOC124902436,FALSE
LOC124902571,FALSE
LOC124902629,FALSE
LOC124902752,FALSE
LOC124902769,FALSE
LOC124902827,FALSE
LOC124902860,FALSE
LOC124902923,FALSE
LOC124903167,FALSE
LOC124903386,FALSE
LOC124903416,FALSE
LOC124903574,FALSE
LOC124903667,FALSE
LOC124903883,FALSE
LOC124904039,FALSE
LOC124904047,FALSE
LOC124904115,FALSE
LOC124904138,FALSE
LOC124904154,FALSE
LOC124904294,FALSE
LOC124904332,FALSE
LOC124904362,FALSE
LOC124904381,FALSE
LOC124904382,FALSE
LOC124904411,FALSE
LOC124904503,FALSE
LOC124904542,FALSE
LOC124904613,FALSE
LOC124904634,FALSE
LOC124904642,FALSE
LOC124904809,FALSE
LOC124904917,FALSE
LOC124905068,FALSE
LOC124905237,FALSE
LOC124905569,FALSE
LOC124905809,FALSE
LOC124906013,FALSE
LOC124906209,FALSE
LOC124906232,FALSE
LOC124906339,FALSE
LOC124906348,FALSE
LOC124906869,FALSE
LOC124907779,FALSE
LOC127814295,FALSE
LOC128125816,FALSE
LOC128966558,FALSE
LOC155060,FALSE
LOC374443,FALSE
LOC613206,FALSE
LOC642361,FALSE
LOC651337,FALSE
LOC652549,FALSE
LONP1,FALSE
LONP2,FALSE
LONRF1,FALSE
LPAR1,FALSE
LPAR2,FALSE
LPAR6,FALSE
LPCAT2,FALSE
LPCAT4,FALSE
LPGAT1,FALSE
LPIN1,FALSE
LPIN2,FALSE
LPIN2-AS1,FALSE
LPL,FALSE
LPP,FALSE
LPXN,FALSE
LRBA,FALSE
LRCH1,FALSE
LRCH3,FALSE
LRCH4,FALSE
LRG1,FALSE
LRGUK,FALSE
LRIF1,FALSE
LRIG2,FALSE
LRMDA,FALSE
LRP1,FALSE
LRP1-AS,FALSE
LRP10,FALSE
LRP12,FALSE
LRP3,FALSE
LRP5L,FALSE
LRP8,FALSE
LRPAP1,FALSE
LRPPRC,FALSE
LRR1,FALSE
LRRC14,FALSE
LRRC18,FALSE
LRRC23,FALSE
LRRC27,FALSE
LRRC28,FALSE
LRRC34,FALSE
LRRC37A16P,FALSE
LRRC37A3,FALSE
LRRC37B,FALSE
LRRC4,FALSE
LRRC41,FALSE
LRRC42,FALSE
LRRC46,FALSE
LRRC47,FALSE
LRRC51,FALSE
LRRC57,FALSE
LRRC59,FALSE
LRRC69,FALSE
LRRC7,FALSE
LRRC74A,FALSE
LRRC8A,FALSE
LRRC8B,FALSE
LRRC8C,FALSE
LRRC8C-DT,FALSE
LRRC8D,FALSE
LRRCC1,FALSE
LRRFIP1,FALSE
LRRFIP2,FALSE
LRRK1,FALSE
LRRK2,FALSE
LRRN3,FALSE
LRRTM2,FALSE
LRSAM1,FALSE
LSG1,FALSE
LSM10,FALSE
LSM14B,FALSE
LSM4,FALSE
LSM6,FALSE
LSM7,FALSE
LSM8,FALSE
LSP1,FALSE
LSR,FALSE
LTA4H,FALSE
LTBP2,FALSE
LTBP3,FALSE
LTBP4,FALSE
LTBR,FALSE
LTN1,FALSE
LTO1,FALSE
LUC7L,FALSE
LUC7L2,FALSE
LUC7L3,FALSE
LUCAT1,FALSE
LUZP1,FALSE
LXN,FALSE
LY75,FALSE
LY86-AS1,FALSE
LY9,FALSE
LY96,FALSE
LYAR,FALSE
LYN,FALSE
LYNX1,FALSE
LYPLA1,FALSE
LYPLAL1,FALSE
LYRM1,FALSE
LYRM4,FALSE
LYRM7,FALSE
LYRM9,FALSE
LYSMD1,FALSE
LYSMD3,FALSE
LYST,FALSE
LZIC,FALSE
LZTFL1,FALSE
LZTR1,FALSE
M1AP,FALSE
M6PR,FALSE
MAB21L2,FALSE
MACC1,FALSE
MACF1,FALSE
MACO1,FALSE
MACROH2A1,FALSE
MACROH2A2,FALSE
MAD1L1,FALSE
MAD2L1BP,FALSE
MAD2L2,FALSE
MADD,FALSE
MAEA,FALSE
MAF,FALSE
MAF1,FALSE
MAFF,FALSE
MAFG,FALSE
MAFG-AS1,FALSE
MAFK,FALSE
MAGEB17-AS1,FALSE
MAGED1,FALSE
MAGED2,FALSE
MAGI2-AS3,FALSE
MAGOH,FALSE
MAGOHB,FALSE
MAGT1,FALSE
MAILR,FALSE
MAIP1,FALSE
MAK16,FALSE
MALAT1,FALSE
MALSU1,FALSE
MALT1,FALSE
MAML1,FALSE
MAMLD1,FALSE
MAN1A1,FALSE
MAN1A2,FALSE
MAN1B1,FALSE
MAN1B1-DT,FALSE
MAN1C1,FALSE
MAN2A1,FALSE
MAN2A2,FALSE
MAN2B1,FALSE
MAN2B2,FALSE
MAN2C1,FALSE
MANBA,FALSE
MANBAL,FALSE
MANEA,FALSE
MANF,FALSE
MAOA,FALSE
MAP1LC3B,FALSE
MAP1S,FALSE
MAP2K1,FALSE
MAP2K2,FALSE
MAP2K3,FALSE
MAP2K4,FALSE
MAP2K5,FALSE
MAP2K6,FALSE
MAP2K7,FALSE
MAP3K10,FALSE
MAP3K11,FALSE
MAP3K12,FALSE
MAP3K13,FALSE
MAP3K14,FALSE
MAP3K14-AS1,FALSE
MAP3K2,FALSE
MAP3K20,FALSE
MAP3K20-AS1,FALSE
MAP3K3,FALSE
MAP3K4,FALSE
MAP3K5,FALSE
MAP3K5-AS1,FALSE
MAP3K5-AS2,FALSE
MAP3K7,FALSE
MAP3K7CL,FALSE
MAP3K8,FALSE
MAP4,FALSE
MAP4K2,FALSE
MAP4K3,FALSE
MAP4K3-DT,FALSE
MAP4K4,FALSE
MAP4K5,FALSE
MAP7,FALSE
MAP7D1,FALSE
MAPDA,FALSE
MAPK1,FALSE
MAPK13,FALSE
MAPK14,FALSE
MAPK1IP1L,FALSE
MAPK3,FALSE
MAPK6P3,FALSE
MAPK8,FALSE
MAPK8IP3,FALSE
MAPK9,FALSE
MAPKAP1,FALSE
MAPKAPK2,FALSE
MAPKAPK3,FALSE
MAPKAPK5,FALSE
MAPKAPK5-AS1,FALSE
MAPKBP1,FALSE
MAPRE1,FALSE
MAPRE2,FALSE
MAPRE3,FALSE
MARCHF1,FALSE
MARCHF2,FALSE
MARCHF3,FALSE
MARCHF5,FALSE
MARCHF6,FALSE
MARCHF7,FALSE
MARCHF9,FALSE
MARCKSL1P1,FALSE
MARCO,FALSE
MARK2,FALSE
MARK2P8,FALSE
MARK3,FALSE
MARS1,FALSE
MARVELD1,FALSE
MASP2,FALSE
MAST2,FALSE
MASTL,FALSE
MAT2B,FALSE
MATK,FALSE
MATR3,FALSE
MAU2,FALSE
MAX,FALSE
MAX-AS1,FALSE
MBD1,FALSE
MBD2,FALSE
MBD3,FALSE
MBD4,FALSE
MBD5,FALSE
MBIP,FALSE
MBNL1,FALSE
MBNL1-AS1,FALSE
MBNL2,FALSE
MBNL3,FALSE
MBOAT1,FALSE
MBOAT2,FALSE
MBP,FALSE
MBTD1,FALSE
MBTPS1,FALSE
MBTPS2,FALSE
MC1R,FALSE
MCAM,FALSE
MCAT,FALSE
MCCC1,FALSE
MCCC1-AS1,FALSE
MCCC2,FALSE
MCEE,FALSE
MCEMP1,FALSE
MCF2L2,FALSE
MCFD2,FALSE
MCFD2-AS1,FALSE
MCL1,FALSE
MCM10,FALSE
MCM2,FALSE
MCM3,FALSE
MCM3AP,FALSE
MCM3AP-AS1,FALSE
MCM4,FALSE
MCM5,FALSE
MCM6,FALSE
MCM7,FALSE
MCM8-AS1,FALSE
MCM9,FALSE
MCMBP,FALSE
MCMDC2,FALSE
MCOLN1,FALSE
MCOLN2,TRUE
MCOLN3,FALSE
MCPH1,FALSE
MCPH1-DT,FALSE
MCRS1,FALSE
MCTP1,FALSE
MCTP1-AS1,FALSE
MCTP2,FALSE
MCTS1,FALSE
MCTS2,FALSE
MCU,FALSE
MCUB,FALSE
MCUR1,FALSE
MDFIC,FALSE
MDH1,FALSE
MDH2,FALSE
MDK,FALSE
MDM1,FALSE
MDM2,FALSE
MDM4,FALSE
MDN1,FALSE
MDN1-AS1,FALSE
ME2,FALSE
ME3,FALSE
MEAF6,FALSE
MEAK7,FALSE
MECP2,FALSE
MECR,FALSE
MED1,FALSE
MED10,FALSE
MED12,FALSE
MED12L,FALSE
MED13,FALSE
MED13L,FALSE
MED14,FALSE
MED15,FALSE
MED15P8,FALSE
MED17,FALSE
MED18,FALSE
MED19,FALSE
MED20,FALSE
MED21,FALSE
MED22,FALSE
MED23,FALSE
MED24,FALSE
MED25,FALSE
MED28,FALSE
MED28-DT,FALSE
MED28P1,FALSE
MED29,FALSE
MED4,FALSE
MED4-AS1,FALSE
MED6,FALSE
MED7,FALSE
MED8,FALSE
MED9,FALSE
MEF2A,FALSE
MEF2C,FALSE
MEF2C-AS2,FALSE
MEF2D,FALSE
MEGF6,FALSE
MEGF8,FALSE
MEI1,FALSE
MEIKIN,FALSE
MEIOC,FALSE
MEIS3P1,FALSE
MELK,FALSE
MELTF,FALSE
MELTF-AS1,FALSE
MEMO1,FALSE
MEN1,FALSE
MEPCE,FALSE
MERTK,FALSE
MESD,FALSE
MEST,FALSE
MET,FALSE
METAP1,FALSE
METAP1D,FALSE
METAP2,FALSE
METRN,FALSE
METTL1,FALSE
METTL13,FALSE
METTL14,FALSE
METTL15,FALSE
METTL16,FALSE
METTL18,FALSE
METTL21A,FALSE
METTL21AP1,FALSE
METTL22,FALSE
METTL25,FALSE
METTL26,FALSE
METTL2A,FALSE
METTL2B,FALSE
METTL3,FALSE
METTL4,FALSE
METTL5,FALSE
METTL5P2,FALSE
METTL6,FALSE
METTL8,FALSE
METTL9,FALSE
MEX3C,FALSE
MFAP3,FALSE
MFF,FALSE
MFFP1,FALSE
MFGE8,FALSE
MFHAS1,FALSE
MFN1,FALSE
MFN2,FALSE
MFNG,FALSE
MFSD1,FALSE
MFSD11,FALSE
MFSD12,FALSE
MFSD14A-AS1,FALSE
MFSD1P1,FALSE
MFSD2B,FALSE
MFSD4B,FALSE
MFSD6,FALSE
MFSD8,FALSE
MFSD9,FALSE
MGA,FALSE
MGAM,FALSE
MGAT1,FALSE
MGAT4A,FALSE
MGAT4B,FALSE
MGAT5,FALSE
MGC12916,FALSE
MGLL,FALSE
MGME1,FALSE
MGMT,FALSE
MGRN1,FALSE
MGST1,FALSE
MGST2,FALSE
MGST3,FALSE
MIA2,FALSE
MIA2-AS1,FALSE
MIA3,FALSE
MIAT,FALSE
MIATNB,FALSE
MIB1,FALSE
MIB2,FALSE
MICAL1,FALSE
MICAL2,FALSE
MICAL3,FALSE
MICALL1,FALSE
MICALL2,FALSE
MICOS10,FALSE
MICOS10P3,FALSE
MICU1,FALSE
MICU2,FALSE
MID1IP1,FALSE
MID2,FALSE
MIDN,FALSE
MIEF1,FALSE
MIEF2,FALSE
MIEN1,FALSE
MIER1,FALSE
MIER2,FALSE
MIER3,FALSE
MIF4GD-DT,FALSE
MIGA2,FALSE
MILR1,FALSE
MINCR,FALSE
MINDY2,FALSE
MINDY3,FALSE
MINK1,FALSE
MINPP1,FALSE
MIOS,FALSE
MIPEP,FALSE
MIR103A1,FALSE
MIR103B2,FALSE
MIR1181,FALSE
MIR1182,FALSE
MIR1200,FALSE
MIR1204,FALSE
MIR1228,FALSE
MIR1243,FALSE
MIR1249,FALSE
MIR1255B2,FALSE
MIR1256,FALSE
MIR1260B,FALSE
MIR1273H,FALSE
MIR1277,FALSE
MIR1278,FALSE
MIR1279,FALSE
MIR128-1,FALSE
MIR1281,FALSE
MIR1285-1,FALSE
MIR1292,FALSE
MIR1296,FALSE
MIR1307,FALSE
MIR1322,FALSE
MIR1343,FALSE
MIR137HG,FALSE
MIR146A,FALSE
MIR146B,FALSE
MIR1537,FALSE
MIR1539,FALSE
MIR155,FALSE
MIR17HG,FALSE
MIR181A1HG,FALSE
MIR1825,FALSE
MIR186,FALSE
MIR1908,FALSE
MIR2110,FALSE
MIR2116,FALSE
MIR221,FALSE
MIR222HG,FALSE
MIR223,FALSE
MIR223HG,FALSE
MIR2355,FALSE
MIR23A,FALSE
MIR23AHG,FALSE
MIR28,FALSE
MIR29B2CHG,FALSE
MIR29C,FALSE
MIR3115,FALSE
MIR3124,FALSE
MIR3128,FALSE
MIR3130-1,FALSE
MIR3130-2,FALSE
MIR3134,FALSE
MIR3135A,FALSE
MIR3136,FALSE
MIR3138,FALSE
MIR3140,FALSE
MIR3142,FALSE
MIR3142HG,FALSE
MIR3146,FALSE
MIR3153,FALSE
MIR3158-2,FALSE
MIR3160-1,FALSE
MIR3160-2,FALSE
MIR3162,FALSE
MIR3164,FALSE
MIR3173,FALSE
MIR3174,FALSE
MIR3175,FALSE
MIR3190,FALSE
MIR3191,FALSE
MIR3198-1,FALSE
MIR3198-2,FALSE
MIR3199-1,FALSE
MIR31HG,FALSE
MIR32,FALSE
MIR320A,FALSE
MIR324,FALSE
MIR326,FALSE
MIR340,FALSE
MIR342,FALSE
MIR34AHG,FALSE
MIR3609,FALSE
MIR361,FALSE
MIR3611,FALSE
MIR3618,FALSE
MIR3619,FALSE
MIR3652,FALSE
MIR3657,FALSE
MIR3661,FALSE
MIR3662,FALSE
MIR3679,FALSE
MIR3680-1,FALSE
MIR3682,FALSE
MIR3684,FALSE
MIR3685,FALSE
MIR3691,FALSE
MIR374C,FALSE
MIR378A,FALSE
MIR378E,FALSE
MIR3909,FALSE
MIR3918,FALSE
MIR3922,FALSE
MIR3926-2,FALSE
MIR3934,FALSE
MIR3936HG,FALSE
MIR3939,FALSE
MIR3942,FALSE
MIR3944,FALSE
MIR3945,FALSE
MIR3945HG,FALSE
MIR3975,FALSE
MIR3978,FALSE
MIR4253,FALSE
MIR4263,FALSE
MIR4271,FALSE
MIR4273,FALSE
MIR4285,FALSE
MIR4295,FALSE
MIR4298,FALSE
MIR4310,FALSE
MIR4312,FALSE
MIR4315-2,FALSE
MIR4316,FALSE
MIR4434,FALSE
MIR4435-2HG,FALSE
MIR4442,FALSE
MIR4458HG,FALSE
MIR4482,FALSE
MIR4484,FALSE
MIR4499,FALSE
MIR4511,FALSE
MIR4513,FALSE
MIR4521,FALSE
MIR4531,FALSE
MIR4632,FALSE
MIR4633,FALSE
MIR4637,FALSE
MIR4642,FALSE
MIR4657,FALSE
MIR4659A,FALSE
MIR4659B,FALSE
MIR4673,FALSE
MIR4676,FALSE
MIR4695,FALSE
MIR4700,FALSE
MIR4706,FALSE
MIR4707,FALSE
MIR4712,FALSE
MIR4720,FALSE
MIR4724,FALSE
MIR4725,FALSE
MIR4731,FALSE
MIR4741,FALSE
MIR4742,FALSE
MIR4744,FALSE
MIR4747,FALSE
MIR4748,FALSE
MIR4753,FALSE
MIR4755,FALSE
MIR4762,FALSE
MIR4764,FALSE
MIR4765,FALSE
MIR4766,FALSE
MIR4773-1,FALSE
MIR4773-2,FALSE
MIR4774,FALSE
MIR4779,FALSE
MIR4784,FALSE
MIR4785,FALSE
MIR4799,FALSE
MIR4802,FALSE
MIR4804,FALSE
MIR491,FALSE
MIR5006,FALSE
MIR5010,FALSE
MIR5094,FALSE
MIR511,FALSE
MIR5192,FALSE
MIR5194,FALSE
MIR548A1HG,FALSE
MIR548A3,FALSE
MIR548AA1,FALSE
MIR548AC,FALSE
MIR548AQ,FALSE
MIR548AU,FALSE
MIR548C,FALSE
MIR548E,FALSE
MIR548K,FALSE
MIR548L,FALSE
MIR548O2,FALSE
MIR548P,FALSE
MIR548S,FALSE
MIR548T,FALSE
MIR548V,FALSE
MIR548Z,FALSE
MIR550B1,FALSE
MIR553,FALSE
MIR5581,FALSE
MIR5585,FALSE
MIR5586,FALSE
MIR5685,FALSE
MIR569,FALSE
MIR5692C1,FALSE
MIR5706,FALSE
MIR571,FALSE
MIR576,FALSE
MIR578,FALSE
MIR579,FALSE
MIR580,FALSE
MIR589,FALSE
MIR590,FALSE
MIR591,FALSE
MIR604,FALSE
MIR6069,FALSE
MIR6077,FALSE
MIR6080,FALSE
MIR6084,FALSE
MIR612,FALSE
MIR6125,FALSE
MIR6133,FALSE
MIR619,FALSE
MIR620,FALSE
MIR623,FALSE
MIR626,FALSE
MIR627,FALSE
MIR629,FALSE
MIR630,FALSE
MIR632,FALSE
MIR634,FALSE
MIR638,FALSE
MIR639,FALSE
MIR640,FALSE
MIR641,FALSE
MIR644A,FALSE
MIR6501,FALSE
MIR6502,FALSE
MIR652,FALSE
MIR661,FALSE
MIR6729,FALSE
MIR6731,FALSE
MIR6732,FALSE
MIR6733,FALSE
MIR6737,FALSE
MIR6739,FALSE
MIR6749,FALSE
MIR6761,FALSE
MIR6767,FALSE
MIR6769A,FALSE
MIR6769B,FALSE
MIR6771,FALSE
MIR6778,FALSE
MIR6781,FALSE
MIR6783,FALSE
MIR6789,FALSE
MIR6790,FALSE
MIR6791,FALSE
MIR6795,FALSE
MIR6799,FALSE
MIR6800,FALSE
MIR6804,FALSE
MIR6806,FALSE
MIR6809,FALSE
MIR6810,FALSE
MIR6817,FALSE
MIR6819,FALSE
MIR6823,FALSE
MIR6824,FALSE
MIR6826,FALSE
MIR6830,FALSE
MIR6835,FALSE
MIR6837,FALSE
MIR6843,FALSE
MIR6846,FALSE
MIR6847,FALSE
MIR6849,FALSE
MIR6850,FALSE
MIR6851,FALSE
MIR6852,FALSE
MIR6854,FALSE
MIR6856,FALSE
MIR6857,FALSE
MIR6868,FALSE
MIR6869,FALSE
MIR6870,FALSE
MIR6871,FALSE
MIR6874,FALSE
MIR6876,FALSE
MIR6877,FALSE
MIR6878,FALSE
MIR6879,FALSE
MIR6881,FALSE
MIR6889,FALSE
MIR7107,FALSE
MIR7110,FALSE
MIR7152,FALSE
MIR7161,FALSE
MIR744,FALSE
MIR7515,FALSE
MIR761,FALSE
MIR7844,FALSE
MIR7847,FALSE
MIR7852,FALSE
MIR7853,FALSE
MIR7854,FALSE
MIR7976,FALSE
MIR8072,FALSE
MIR8075,FALSE
MIR8083,FALSE
MIR933,FALSE
MIR938,FALSE
MIR942,FALSE
MIR98,FALSE
MIR99AHG,FALSE
MIRLET7BHG,FALSE
MIRLET7D,FALSE
MIRLET7F2,FALSE
MIRLET7I,FALSE
MIRLET7IHG,FALSE
MIS12,FALSE
MIS18BP1,FALSE
MISFA,FALSE
MITD1,FALSE
MITF,FALSE
MIX23,FALSE
MKI67,FALSE
MKLN1,FALSE
MKLN1-AS,FALSE
MKNK1,FALSE
MKNK2,FALSE
MKRN1,FALSE
MKRN2OS,FALSE
MKS1,FALSE
MLANA,FALSE
MLEC,FALSE
MLF1,FALSE
MLF1-DT,FALSE
MLF2,FALSE
MLH1,FALSE
MLH3,FALSE
MLKL,TRUE
MLLT1,FALSE
MLLT10,FALSE
MLX,FALSE
MLXIP,FALSE
MMAA,FALSE
MMAB,FALSE
MMACHC,FALSE
MMADHC,FALSE
MMD,FALSE
MME,FALSE
MMGT1,FALSE
MMP10,FALSE
MMP14,FALSE
MMP2,FALSE
MMP21,FALSE
MMP23A,FALSE
MMP24,FALSE
MMP24OS,FALSE
MMP7,FALSE
MMP8,FALSE
MMS19,FALSE
MMS22L,FALSE
MNAT1,FALSE
MNDA,FALSE
MNT,FALSE
MOB1A,FALSE
MOB1B,FALSE
MOB2,FALSE
MOB3A,FALSE
MOB3B,FALSE
MOCS2,FALSE
MOK,FALSE
MON1B,FALSE
MON2,FALSE
MORC2,FALSE
MORC2-AS1,FALSE
MORC3,FALSE
MORF4L1,FALSE
MORF4L1P1,FALSE
MORF4L1P3,FALSE
MORF4L2,FALSE
MORN2,FALSE
MORN4,FALSE
MOSMO,FALSE
MOSPD1,FALSE
MOSPD2,FALSE
MOSPD3,FALSE
MOV10,FALSE
MPC1,FALSE
MPC2,FALSE
MPEG1,FALSE
MPHOSPH10,FALSE
MPHOSPH6,FALSE
MPHOSPH8,FALSE
MPHOSPH9,FALSE
MPI,FALSE
MPP1,FALSE
MPPE1,FALSE
MPRIP,FALSE
MPRIP-AS1,FALSE
MPV17,FALSE
MPZ,FALSE
MPZL1,FALSE
MPZL3,FALSE
MR1,FALSE
MRAP,FALSE
MRAS,FALSE
MRC1,FALSE
MRC2,FALSE
MRE11,FALSE
MREG,FALSE
MRFAP1,FALSE
MRGPRF-AS1,FALSE
MRI1,FALSE
MRM2,FALSE
MRM3,FALSE
MRNIP,FALSE
MROCKI,FALSE
MROH1,FALSE
MROH7-TTC4,FALSE
MRPL1,FALSE
MRPL10,FALSE
MRPL13,FALSE
MRPL14,FALSE
MRPL15,FALSE
MRPL16,FALSE
MRPL17,FALSE
MRPL18,FALSE
MRPL19,FALSE
MRPL20-AS1,FALSE
MRPL20-DT,FALSE
MRPL21,FALSE
MRPL22,FALSE
MRPL23,FALSE
MRPL24,FALSE
MRPL27,FALSE
MRPL3,FALSE
MRPL30,FALSE
MRPL32,FALSE
MRPL33,FALSE
MRPL34,FALSE
MRPL36,FALSE
MRPL37,FALSE
MRPL37P1,FALSE
MRPL38,FALSE
MRPL39,FALSE
MRPL40,FALSE
MRPL42,FALSE
MRPL46,FALSE
MRPL47,FALSE
MRPL48,FALSE
MRPL51,FALSE
MRPL52,FALSE
MRPL53P1,FALSE
MRPL55,FALSE
MRPL57P3,FALSE
MRPL57P8,FALSE
MRPL58,FALSE
MRPS10,FALSE
MRPS10P1,FALSE
MRPS10P2,FALSE
MRPS11,FALSE
MRPS12,FALSE
MRPS17,FALSE
MRPS18A,FALSE
MRPS18AP1,FALSE
MRPS18C,FALSE
MRPS2,FALSE
MRPS23,FALSE
MRPS24,FALSE
MRPS25,FALSE
MRPS26,FALSE
MRPS27,FALSE
MRPS28,FALSE
MRPS30,FALSE
MRPS30-DT,FALSE
MRPS31,FALSE
MRPS31P5,FALSE
MRPS33,FALSE
MRPS35,FALSE
MRPS5,FALSE
MRPS6,FALSE
MRPS9,FALSE
MRRF,FALSE
MRS2,FALSE
MRTFA,FALSE
MRTFB,FALSE
MS4A1,FALSE
MS4A14,FALSE
MS4A4A,FALSE
MS4A6A,FALSE
MS4A6E,FALSE
MS4A7,FALSE
MSANTD2,FALSE
MSANTD3,FALSE
MSANTD4,FALSE
MSANTD7,FALSE
MSC,FALSE
MSC-AS1,FALSE
MSH3,FALSE
MSI2,FALSE
MSL1,FALSE
MSL2,FALSE
MSL3,FALSE
MSMO1,FALSE
MSN,FALSE
MSR1,FALSE
MSRA,FALSE
MSRB1,FALSE
MSRB2,FALSE
MSTO1,FALSE
MT1G,FALSE
MT1L,FALSE
MT2A,FALSE
MTA1,FALSE
MTA2,FALSE
MTA3,FALSE
MTAP,FALSE
MTARC1,FALSE
MTBP,FALSE
MTCH1,FALSE
MTCH1P2,FALSE
MTCH2,FALSE
MTCL2,FALSE
MTCO1P59,FALSE
MTCO2P2,FALSE
MTCO3P11,FALSE
MTCO3P29,FALSE
MTCP1,FALSE
MTCYBP23,FALSE
MTDH,FALSE
MTERF1,FALSE
MTERF2,FALSE
MTERF3,FALSE
MTF1,FALSE
MTF2,FALSE
MTFMT,FALSE
MTFR1,FALSE
MTFR2,FALSE
MTFR2P2,FALSE
MTG1,FALSE
MTG2,FALSE
MTHFD1,FALSE
MTHFD1L,FALSE
MTHFD2,FALSE
MTHFD2L,FALSE
MTHFR,FALSE
MTHFS,FALSE
MTHFSD,FALSE
MTIF2,FALSE
MTM1,FALSE
MTMR1,FALSE
MTMR11,FALSE
MTMR12,FALSE
MTMR14,FALSE
MTMR2,FALSE
MTMR3,FALSE
MTMR4,FALSE
MTMR6,FALSE
MTMR7,FALSE
MTMR9,FALSE
MTMR9-AS1,FALSE
MTMR9LP,FALSE
MTNAP1,FALSE
MTND1P11,FALSE
MTND1P9,FALSE
MTND2P2,FALSE
MTND4P14,FALSE
MTO1,FALSE
MTOR,FALSE
MTOR-AS1,FALSE
MTPAP,FALSE
MTPN,FALSE
MTR,FALSE
MTRES1,FALSE
MTREX,FALSE
MTRF1,FALSE
MTRF1L,FALSE
MTRR,FALSE
MTSS1,FALSE
MTURN,FALSE
MTUS1,FALSE
MTUS1-DT,FALSE
MTX2,FALSE
MUL1,FALSE
MUTYH,FALSE
MVB12A,FALSE
MVD,FALSE
MVK,FALSE
MVP-DT,FALSE
MX1,TRUE
MX1-AS1,FALSE
MX2,TRUE
MXD1,FALSE
MXD4,FALSE
MXI1,FALSE
MXRA7,FALSE
MXRA7P1,FALSE
MXRA8,FALSE
MYADM-AS2,FALSE
MYBBP1A,FALSE
MYBL1,FALSE
MYC,FALSE
MYCBP,FALSE
MYCBP2,FALSE
MYCBP2-AS1,FALSE
MYCBP2-AS2,FALSE
MYD88,FALSE
MYDGF,FALSE
MYG1-AS1,FALSE
MYG1P1,FALSE
MYH9,FALSE
MYHAS,FALSE
MYL11,FALSE
MYL12A,FALSE
MYL12B,FALSE
MYL5,FALSE
MYL6B,FALSE
MYL9,FALSE
MYLK,FALSE
MYNN,FALSE
MYO10,FALSE
MYO15B,FALSE
MYO18A,FALSE
MYO1B,FALSE
MYO1C,FALSE
MYO1D,FALSE
MYO1D-DT,FALSE
MYO1E,FALSE
MYO1F,FALSE
MYO5A,FALSE
MYO6,FALSE
MYO7A,FALSE
MYO9A,FALSE
MYO9B,FALSE
MYOF,FALSE
MYOSLID,FALSE
MYOSLID-AS1,FALSE
MYRF-AS1,FALSE
MYSM1,FALSE
MYZAP,FALSE
MZF1,FALSE
MZF1-AS1,FALSE
MZT1,FALSE
MZT2A,FALSE
MZT2B,FALSE
Metazoa_SRP,FALSE
N4BP1,FALSE
N4BP2,FALSE
N4BP2L1,FALSE
N4BP2L2,FALSE
N4BP2L2-IT2,FALSE
NAA15,FALSE
NAA16,FALSE
NAA20,FALSE
NAA25,FALSE
NAA30,FALSE
NAA35,FALSE
NAA38,FALSE
NAA50,FALSE
NAA60,FALSE
NAAA,FALSE
NAALAD2,FALSE
NAB1,FALSE
NABP1,FALSE
NABP2,FALSE
NACC1-AS1,FALSE
NACC2,FALSE
NADK,FALSE
NADK2,FALSE
NADK2-AS1,FALSE
NADSYN1,FALSE
NAE1,FALSE
NAF1,FALSE
NAGA,FALSE
NAGK,FALSE
NAGLU,FALSE
NAGPA,FALSE
NAMA,FALSE
NAMPT,FALSE
NANOS1,FALSE
NANS,FALSE
NAP1L1,FALSE
NAP1L4P1,FALSE
NAP1L5,FALSE
NAP1L5P1,FALSE
NAPA,FALSE
NAPA-AS1,FALSE
NAPG,FALSE
NAPSA,FALSE
NARF,FALSE
NARF-AS2,FALSE
NARS1,FALSE
NARS2,FALSE
NASP,FALSE
NAT1,FALSE
NAT10,FALSE
NAXD,FALSE
NBAS,FALSE
NBEA,FALSE
NBEAL1,FALSE
NBEAL2,FALSE
NBN,FALSE
NBPF1,FALSE
NBPF19,FALSE
NBPF3,FALSE
NBR1,FALSE
NCAPD2,FALSE
NCAPD3,FALSE
NCAPG,FALSE
NCAPG2,FALSE
NCAPGP1,FALSE
NCAPH,FALSE
NCAPH2,FALSE
NCBP1,FALSE
NCBP2,FALSE
NCBP2AS2,FALSE
NCBP3,FALSE
NCDN,FALSE
NCEH1,FALSE
NCF1,FALSE
NCF2,FALSE
NCF4,FALSE
NCK1,FALSE
NCK1-DT,FALSE
NCK2,FALSE
NCKAP1,FALSE
NCKAP1L,FALSE
NCKAP5L,FALSE
NCKIPSD,FALSE
NCL,FALSE
NCLN,FALSE
NCOA1,FALSE
NCOA2,FALSE
NCOA3,FALSE
NCOA4,FALSE
NCOA5,FALSE
NCOA6,FALSE
NCOA7,TRUE
NCOA7-AS1,FALSE
NCOR1,FALSE
NCOR2,FALSE
NCR3LG1,FALSE
NCS1,FALSE
NCSTN,FALSE
NDC1,FALSE
NDC80,FALSE
NDEL1,FALSE
NDFIP1,FALSE
NDFIP2,FALSE
NDP,FALSE
NDP-AS1,FALSE
NDRG1,FALSE
NDRG2,FALSE
NDRG3,FALSE
NDST1,FALSE
NDST2,FALSE
NDUFA1,FALSE
NDUFA10,FALSE
NDUFA11,FALSE
NDUFA12,FALSE
NDUFA13,FALSE
NDUFA3P2,FALSE
NDUFA5,FALSE
NDUFA5P11,FALSE
NDUFA5P2,FALSE
NDUFA7,FALSE
NDUFA9,FALSE
NDUFAB1,FALSE
NDUFAB1P1,FALSE
NDUFAF1,FALSE
NDUFAF4,FALSE
NDUFAF5,FALSE
NDUFAF7,FALSE
NDUFAF8,FALSE
NDUFB1,FALSE
NDUFB11,FALSE
NDUFB1P1,FALSE
NDUFB2,FALSE
NDUFB3,FALSE
NDUFB4,FALSE
NDUFB4P1,FALSE
NDUFB5,FALSE
NDUFB5P2,FALSE
NDUFB8,FALSE
NDUFC1,FALSE
NDUFS1,FALSE
NDUFS2,FALSE
NDUFS3,FALSE
NDUFS4,FALSE
NDUFS6,FALSE
NDUFV1,FALSE
NDUFV2,FALSE
NDUFV2-AS1,FALSE
NDUFV3,FALSE
NEAT1,FALSE
NEB,FALSE
NECAB3,FALSE
NECAP1,FALSE
NECAP2,FALSE
NECTIN2,FALSE
NECTIN4,FALSE
NECTIN4-AS1,FALSE
NEDD1,FALSE
NEDD4L,FALSE
NEDD8,FALSE
NEDD9,FALSE
NEIL2,FALSE
NEK1,FALSE
NEK11,FALSE
NEK2,FALSE
NEK4,FALSE
NEK6,FALSE
NEK7,FALSE
NEK8,FALSE
NEK9,FALSE
NELFA,FALSE
NEMF,FALSE
NEMP1,FALSE
NEMP2,FALSE
NENF,FALSE
NEPRO,FALSE
NET1,FALSE
NETO2,FALSE
NEU3,FALSE
NEURL4,FALSE
NEXN,FALSE
NF1,FALSE
NF2,FALSE
NFAM1,FALSE
NFAT5,FALSE
NFATC1,FALSE
NFATC2IP,FALSE
NFATC2IP-AS1,FALSE
NFATC3,FALSE
NFE2L1,FALSE
NFE2L1-DT,FALSE
NFE2L2,FALSE
NFE2L3,FALSE
NFIC,FALSE
NFKB1,FALSE
NFKB1-AS1,FALSE
NFKB2,FALSE
NFKBIA,FALSE
NFKBID,FALSE
NFKBIE,FALSE
NFKBIZ,FALSE
NFRKB,FALSE
NFS1,FALSE
NFU1,FALSE
NFX1,FALSE
NFYA,FALSE
NFYB,FALSE
NFYC,FALSE
NFYC-AS1,FALSE
NGDN,FALSE
NGLY1,FALSE
NGRN,FALSE
NHEJ1,FALSE
NHLRC2,FALSE
NHLRC3,FALSE
NHSL1,FALSE
NHSL3,FALSE
NIBAN1,FALSE
NIBAN2,FALSE
NICN1,FALSE
NIF3L1,FALSE
NIFK-AS1,FALSE
NIN,FALSE
NINJ1,FALSE
NINJ2,FALSE
NINJ2-AS1,FALSE
NIPA1,FALSE
NIPA2,FALSE
NIPAL1,FALSE
NIPAL2,FALSE
NIPAL3,FALSE
NIPAL4,FALSE
NIPBL,FALSE
NIPBL-DT,FALSE
NIPSNAP1,FALSE
NIPSNAP2,FALSE
NIPSNAP3A,FALSE
NIPSNAP3B,FALSE
NISCH,FALSE
NIT1,FALSE
NIT2,FALSE
NKAP,FALSE
NKAPD1,FALSE
NKAPP1,FALSE
NKIRAS1,FALSE
NKRF,FALSE
NKTR,FALSE
NLE1,FALSE
NLGN3,FALSE
NLK,FALSE
NLN,FALSE
NLRC5,FALSE
NLRP1,FALSE
NLRP3,FALSE
NLRX1,FALSE
NMB,FALSE
NMD3,FALSE
NME1,FALSE
NME2,FALSE
NME4,FALSE
NME6,FALSE
NME7,FALSE
NME8,FALSE
NME9,FALSE
NMI,FALSE
NMNAT1,FALSE
NMRAL2P,FALSE
NMRK1,FALSE
NMT1,FALSE
NMT2,FALSE
NNT,FALSE
NNT-AS1,FALSE
NOB1,FALSE
NOC2L,FALSE
NOC3L,FALSE
NOC4L,FALSE
NOCT,FALSE
NOD1,FALSE
NOD2,FALSE
NOL10,FALSE
NOL11,FALSE
NOL12,FALSE
NOL6,FALSE
NOL7,FALSE
NOL8,FALSE
NOL9,FALSE
NOLC1,FALSE
NOM1,FALSE
NONO,FALSE
NOP10,FALSE
NOP14,FALSE
NOP14-AS1,FALSE
NOP16,FALSE
NOP53,FALSE
NOP58,FALSE
NOPCHAP1,FALSE
NOSIP,FALSE
NOTCH2,FALSE
NOTCH2NLC,FALSE
NOTCH3,FALSE
NOXA1,FALSE
NOXRED1,FALSE
NPAT,FALSE
NPC1,FALSE
NPC2,FALSE
NPEPPS,FALSE
NPHP3,FALSE
NPL,FALSE
NPLOC4,FALSE
NPM1,FALSE
NPM1P19,FALSE
NPM1P20,FALSE
NPM1P26,FALSE
NPM1P29,FALSE
NPM1P37,FALSE
NPM3,FALSE
NPR1,FALSE
NPRL2,FALSE
NPRL3,FALSE
NPTN,FALSE
NPTN-IT1,FALSE
NPY1R,FALSE
NQO1,FALSE
NQO1-AS1,FALSE
NQO2,FALSE
NR1D2,FALSE
NR1H2,FALSE
NR1H3,FALSE
NR2C1,FALSE
NR2C2,FALSE
NR3C1,FALSE
NR3C2,FALSE
NR4A3,FALSE
NRBF2P5,FALSE
NRBP1,FALSE
NRBP2,FALSE
NRCAM,FALSE
NRDC,FALSE
NRDE2,FALSE
NREP,FALSE
NRF1,FALSE
NRIP1,FALSE
NRIP3,FALSE
NRIR,FALSE
NRL,FALSE
NRP1,FALSE
NRP2,FALSE
NRP2-AS1,FALSE
NRROS,FALSE
NSA2,FALSE
NSA2P1,FALSE
NSA2P5,FALSE
NSA2P7,FALSE
NSD1,FALSE
NSD2,FALSE
NSD3,FALSE
NSDHL,FALSE
NSFL1C,FALSE
NSL1,FALSE
NSMAF,FALSE
NSMCE1,FALSE
NSMCE1-DT,FALSE
NSMCE2,FALSE
NSMCE4A,FALSE
NSMF,FALSE
NSRP1,FALSE
NSRP1P1,FALSE
NSUN2,FALSE
NSUN3,FALSE
NSUN4,FALSE
NSUN5,FALSE
NSUN5P1,FALSE
NSUN5P2,FALSE
NSUN6,FALSE
NT5C2,FALSE
NT5C3A,TRUE
NT5C3B,FALSE
NT5CP1,FALSE
NT5M,FALSE
NTAQ1,FALSE
NTNG1,FALSE
NTPCR,FALSE
NUB1,TRUE
NUBP1,FALSE
NUBP2,FALSE
NUBPL,FALSE
NUCB1,FALSE
NUCB2,FALSE
NUCKS1,FALSE
NUDC,FALSE
NUDCD1,FALSE
NUDCD2,FALSE
NUDCD3,FALSE
NUDCP1,FALSE
NUDCP2,FALSE
NUDT1,FALSE
NUDT12,FALSE
NUDT14,FALSE
NUDT16,FALSE
NUDT16L2P,FALSE
NUDT19,FALSE
NUDT19P5,FALSE
NUDT21,FALSE
NUDT4,FALSE
NUDT5,FALSE
NUDT5P1,FALSE
NUDT7,FALSE
NUDT9,FALSE
NUF2,FALSE
NUFIP2,FALSE
NUMA1,FALSE
NUMA1-AS1,FALSE
NUMB,FALSE
NUMBL,FALSE
NUP107,FALSE
NUP133,FALSE
NUP155,FALSE
NUP160,FALSE
NUP188,FALSE
NUP205,FALSE
NUP210,FALSE
NUP214,FALSE
NUP214-AS1,FALSE
NUP35,FALSE
NUP37,FALSE
NUP42,FALSE
NUP43,FALSE
NUP50,FALSE
NUP50-DT,FALSE
NUP54,FALSE
NUP58,FALSE
NUP62,FALSE
NUP85,FALSE
NUP88,FALSE
NUP93,FALSE
NUP98,FALSE
NUPR1,TRUE
NUS1,FALSE
NUSAP1,FALSE
NUTF2,FALSE
NUTF2P5,FALSE
NUTM2A-AS1,FALSE
NUTM2B-AS1,FALSE
NVL,FALSE
NXN,FALSE
NXT2,FALSE
OARD1,FALSE
OAS1,TRUE
OAS2,FALSE
OAS3,TRUE
OAT,FALSE
OAZ1,FALSE
OAZ2,FALSE
OBI1,FALSE
OBI1-AS1,FALSE
OCEL1,FALSE
OCIAD1,FALSE
OCIAD1-AS1,FALSE
OCIAD2,FALSE
OCRL,FALSE
OCSTAMP,FALSE
ODCP,FALSE
ODF2,FALSE
ODF2L,FALSE
ODR4,FALSE
OFD1,FALSE
OGA,FALSE
OGDH,FALSE
OGFOD1,FALSE
OGFOD2,FALSE
OGFOD3,FALSE
OGFR,FALSE
OGFR-AS1,FALSE
OGFRL1,FALSE
OGG1,FALSE
OGN,FALSE
OGT,FALSE
OIP5-AS1,FALSE
OLA1,FALSE
OLFML2B,FALSE
OLR1,FALSE
OMA1,FALSE
OPA1,FALSE
OPA1-AS1,FALSE
OPA3,FALSE
OPHN1,FALSE
OPLAH,FALSE
OPN1SW,FALSE
OPN3,FALSE
OPTN,FALSE
OR1F1,FALSE
OR2AT1P,FALSE
OR52B3P,FALSE
OR52K3P,FALSE
OR52P1,FALSE
OR5B21,FALSE
OR6K6,FALSE
OR6N1,FALSE
OR8G5,FALSE
ORAI1,FALSE
ORAI2,FALSE
ORC1,FALSE
ORC2,FALSE
ORC3,FALSE
ORC4,FALSE
ORC5,FALSE
ORC6,FALSE
ORMDL1,FALSE
ORMDL2,FALSE
ORMDL3,FALSE
OS9,FALSE
OSBP,FALSE
OSBP2,FALSE
OSBPL11,FALSE
OSBPL1A,FALSE
OSBPL2,FALSE
OSBPL3,FALSE
OSBPL5,FALSE
OSBPL8,FALSE
OSBPL9,FALSE
OSCP1,FALSE
OSER1,FALSE
OSER1-DT,FALSE
OSGEP,FALSE
OSGEPL1,FALSE
OSGIN1,FALSE
OSGIN2,FALSE
OSM,FALSE
OSMR,FALSE
OST4,FALSE
OSTC,FALSE
OSTCP8,FALSE
OSTF1,FALSE
OSTM1,FALSE
OTOA,FALSE
OTOAP1,FALSE
OTUB1,FALSE
OTUD1,FALSE
OTUD4,FALSE
OTUD4P1,FALSE
OTUD5,FALSE
OTUD6B,FALSE
OTUD6B-AS1,FALSE
OTUD7B,FALSE
OTULIN,FALSE
OTULINL,FALSE
OVCH1-AS1,FALSE
OVGP1,FALSE
OVOL1,FALSE
OVOL1-AS1,FALSE
OVOL2,FALSE
OXA1L,FALSE
OXCT1,FALSE
OXLD1,FALSE
OXNAD1,FALSE
OXR1,FALSE
OXSR1,FALSE
P2RX1,FALSE
P2RX4,FALSE
P2RX7,FALSE
P2RY6,FALSE
P3H1,FALSE
P4HA1,FALSE
P4HA2,FALSE
P4HA2-AS1,FALSE
P4HA3,FALSE
P4HB,FALSE
P4HB-AS1,FALSE
P4HTM,FALSE
PA2G4,FALSE
PAAF1,FALSE
PABPC1,FALSE
PABPC1P1,FALSE
PABPC4,FALSE
PABPC4-AS1,FALSE
PABPN1,FALSE
PACC1,FALSE
PACS1,FALSE
PACS2,FALSE
PACSIN2,FALSE
PADI2,FALSE
PAFAH1B1,FALSE
PAFAH1B2,FALSE
PAFAH1B3,FALSE
PAFAH2,FALSE
PAG1,FALSE
PAGR1,FALSE
PAICS,FALSE
PAICSP1,FALSE
PAIP1,FALSE
PAIP1P2,FALSE
PAK1,FALSE
PAK2,FALSE
PALB2,FALSE
PALLD,FALSE
PALM2AKAP2,FALSE
PALS1,FALSE
PALS2,FALSE
PAM,FALSE
PAN2,FALSE
PAN3,FALSE
PANK2,FALSE
PANK3,FALSE
PANO1,FALSE
PANX1,FALSE
PAOX,FALSE
PAPLN,FALSE
PAPOLA,FALSE
PAPOLG,FALSE
PAPSS1,FALSE
PAPSS2,FALSE
PAQR3,FALSE
PAQR5,FALSE
PAQR8,FALSE
PAQR9-AS1,FALSE
PARAIL,FALSE
PARD6BP1,FALSE
PARG,FALSE
PARK7,FALSE
PARK7P2,FALSE
PARL,FALSE
PARLP1,FALSE
PARP1,FALSE
PARP10,TRUE
PARP11,FALSE
PARP11-AS1,FALSE
PARP12,FALSE
PARP14,TRUE
PARP15,FALSE
PARP2,FALSE
PARP3,FALSE
PARP4,FALSE
PARP6,FALSE
PARP8,FALSE
PARP9,TRUE
PARPBP,FALSE
PART1,FALSE
PARVB,FALSE
PARVG,FALSE
PASK,FALSE
PATL1,FALSE
PATL2,FALSE
PAX8,FALSE
PAX8-AS1,FALSE
PAXBP1,FALSE
PAXBP1-AS1,FALSE
PAXIP1,FALSE
PAXIP1-AS2,FALSE
PAXX,FALSE
PBDC1,FALSE
PBK,FALSE
PBRM1,FALSE
PBX3,FALSE
PC,FALSE
PCAT7,FALSE
PCBD1,FALSE
PCBD2,FALSE
PCBP1,FALSE
PCBP1-AS1,FALSE
PCBP2,FALSE
PCCA,FALSE
PCCB,FALSE
PCED1B,FALSE
PCED1B-AS1,FALSE
PCF11,FALSE
PCGF3,FALSE
PCGF3-AS1,FALSE
PCGF3-AS2,FALSE
PCGF5,TRUE
PCGF6,FALSE
PCID2,FALSE
PCK2,FALSE
PCLAF,FALSE
PCM1,FALSE
PCMT1,FALSE
PCMTD1,FALSE
PCMTD2,FALSE
PCNP,FALSE
PCNPP1,FALSE
PCNPP5,FALSE
PCNT,FALSE
PCNX1,FALSE
PCNX2,FALSE
PCNX3,FALSE
PCNX4,FALSE
PCOLCE2,FALSE
PCP2,FALSE
PCSK1,FALSE
PCSK5,FALSE
PCSK6,FALSE
PCSK7,FALSE
PCTP,FALSE
PCYOX1,FALSE
PCYT1A,FALSE
PDAP1,FALSE
PDCD10,FALSE
PDCD11,FALSE
PDCD2,FALSE
PDCD4,FALSE
PDCD5,FALSE
PDCD6,FALSE
PDCD6IP,FALSE
PDCD6IP-DT,FALSE
PDCD7,FALSE
PDCL,FALSE
PDCL3,FALSE
PDE12,FALSE
PDE1B,FALSE
PDE2A,FALSE
PDE3B,FALSE
PDE4A,FALSE
PDE4B,TRUE
PDE4D,FALSE
PDE4DIP,FALSE
PDE4DIPP2,FALSE
PDE5A,FALSE
PDE6B,FALSE
PDE6D,FALSE
PDE6G,FALSE
PDE6H,FALSE
PDE7A,FALSE
PDE8A,FALSE
PDGFA,FALSE
PDGFC,FALSE
PDGFRA,FALSE
PDGFRL,FALSE
PDHA1,FALSE
PDHX,FALSE
PDIA3,FALSE
PDIA4,FALSE
PDIA5,FALSE
PDIA6,FALSE
PDIK1L,FALSE
PDK1,FALSE
PDK2,FALSE
PDK3,FALSE
PDK4,FALSE
PDLIM1,FALSE
PDLIM2,FALSE
PDLIM4,FALSE
PDLIM5,FALSE
PDLIM7,FALSE
PDP2,FALSE
PDPR2P,FALSE
PDS5A,FALSE
PDS5B,FALSE
PDSS1,FALSE
PDSS1P1,FALSE
PDXDC1,FALSE
PDXDC2P,FALSE
PDXDC2P-NPIPB14P,FALSE
PDXK,FALSE
PDXP-DT,FALSE
PDZD7,FALSE
PDZD8,FALSE
PEAK1,FALSE
PEBP4,FALSE
PECAM1,FALSE
PECR,FALSE
PEDS1,FALSE
PEF1,FALSE
PELATON,FALSE
PELI1,FALSE
PELO,FALSE
PEMT,FALSE
PEPD,FALSE
PER1,FALSE
PER2,FALSE
PER3,FALSE
PES1,FALSE
PET117,FALSE
PEX1,FALSE
PEX12,FALSE
PEX13,FALSE
PEX14,FALSE
PEX16,FALSE
PEX19,FALSE
PEX2,FALSE
PEX26,FALSE
PEX3,FALSE
PEX5,FALSE
PEX6,FALSE
PEX7,FALSE
PFAS,FALSE
PFDN1,FALSE
PFDN1P1,FALSE
PFDN4,FALSE
PFDN4P1,FALSE
PFDN5,FALSE
PFKFB2,FALSE
PFKFB3,TRUE
PFKFB4,FALSE
PFKL,FALSE
PFKM,FALSE
PFKP,FALSE
PGAM1,FALSE
PGAM1P6,FALSE
PGAM1P7,FALSE
PGAM2,FALSE
PGAP1,FALSE
PGAP3,FALSE
PGAP6,FALSE
PGBD2,FALSE
PGD,FALSE
PGGT1B,FALSE
PGK1,FALSE
PGLS,FALSE
PGLS-DT,FALSE
PGM1,FALSE
PGM2,FALSE
PGM3,FALSE
PGM5,FALSE
PGM5P2,FALSE
PGPEP1,FALSE
PGRMC2,FALSE
PGS1,FALSE
PHACTR1,FALSE
PHACTR2,FALSE
PHACTR2P1,FALSE
PHACTR4,FALSE
PHAF1,FALSE
PHAX,FALSE
PHB1,FALSE
PHB1P19,FALSE
PHB1P3,FALSE
PHB1P9,FALSE
PHC2,FALSE
PHC3,FALSE
PHETA1,FALSE
PHF10,FALSE
PHF10P1,FALSE
PHF11,FALSE
PHF12,FALSE
PHF13,FALSE
PHF14,FALSE
PHF19,FALSE
PHF20,FALSE
PHF20L1,FALSE
PHF21A,FALSE
PHF3,FALSE
PHF5A,FALSE
PHF6,FALSE
PHF8,FALSE
PHGDH,FALSE
PHIP,FALSE
PHKA2,FALSE
PHKB,FALSE
PHLDA1-AS1,FALSE
PHLDA3,FALSE
PHLDB1,FALSE
PHLPP1,FALSE
PHLPP2,FALSE
PHTF1,FALSE
PHTF2,FALSE
PHYH,FALSE
PHYKPL,FALSE
PI4K2B,FALSE
PI4KA,FALSE
PI4KB,FALSE
PIAS1,FALSE
PIAS2,FALSE
PIAS3,FALSE
PIAS4,FALSE
PIBF1,FALSE
PICALM,FALSE
PICK1,FALSE
PID1,FALSE
PIDD1,FALSE
PIEZO1,FALSE
PIF1,FALSE
PIGA,FALSE
PIGAP1,FALSE
PIGB,FALSE
PIGBOS1,FALSE
PIGC,FALSE
PIGF,FALSE
PIGFP2,FALSE
PIGG,FALSE
PIGHP1,FALSE
PIGK,FALSE
PIGL,FALSE
PIGN,FALSE
PIGO,FALSE
PIGR,FALSE
PIGS,FALSE
PIGT,FALSE
PIGU,FALSE
PIGV,FALSE
PIGX,FALSE
PIGY-DT,FALSE
PIGZ,FALSE
PIH1D1,FALSE
PIH1D2,FALSE
PIK3AP1,FALSE
PIK3C2A,FALSE
PIK3C3,FALSE
PIK3CA,FALSE
PIK3CB,FALSE
PIK3CD,FALSE
PIK3CG,FALSE
PIK3IP1,FALSE
PIK3R1,FALSE
PIK3R2,FALSE
PIK3R3,FALSE
PIK3R4,FALSE
PIK3R5,FALSE
PIK3R5-DT,FALSE
PIKFYVE,FALSE
PILRA,FALSE
PIM1,FALSE
PIM2,FALSE
PIM3,FALSE
PIN1,FALSE
PINK1-AS,FALSE
PINX1,FALSE
PIP4K2A,FALSE
PIP4K2C,FALSE
PIP4P2,FALSE
PIP5K1A,FALSE
PIP5K1C,FALSE
PIR,FALSE
PISD,FALSE
PITHD1,FALSE
PITPNA,FALSE
PITPNA-AS1,FALSE
PITPNB,FALSE
PITPNC1,FALSE
PITPNM1,FALSE
PITRM1,FALSE
PITRM1-AS1,FALSE
PITX1-AS1,FALSE
PIWIL4,FALSE
PIWIL4-AS1,FALSE
PJA1,FALSE
PJA2,FALSE
PKD1,FALSE
PKD2,FALSE
PKD2L1,FALSE
PKD2L2,FALSE
PKIA,FALSE
PKIB,FALSE
PKM,FALSE
PKMYT1,FALSE
PKN1,FALSE
PKN2,FALSE
PKN3,FALSE
PKNOX1,FALSE
PKP4,FALSE
PKP4-AS1,FALSE
PLA2G12A,FALSE
PLA2G12AP1,FALSE
PLA2G15,FALSE
PLA2G4A,FALSE
PLA2G4C,FALSE
PLA2G7,FALSE
PLAA,FALSE
PLAAT3,FALSE
PLAAT4,FALSE
PLAC8,FALSE
PLAGL1,FALSE
PLAU,FALSE
PLAUR,FALSE
PLB1,FALSE
PLBD1,FALSE
PLBD1-AS1,FALSE
PLBD1-AS2,FALSE
PLBD2,FALSE
PLCB2,FALSE
PLCB2-AS1,FALSE
PLCB3,FALSE
PLCD1,FALSE
PLCD3,FALSE
PLCE1,FALSE
PLCG1,FALSE
PLCG1-AS1,FALSE
PLCG2,FALSE
PLCL1,FALSE
PLCL2,FALSE
PLD1,FALSE
PLD2,FALSE
PLD3,FALSE
PLD4,FALSE
PLD5P1,FALSE
PLEC,FALSE
PLEK,FALSE
PLEK2,FALSE
PLEKHA1,FALSE
PLEKHA2,FALSE
PLEKHA3,FALSE
PLEKHA4,FALSE
PLEKHA5,FALSE
PLEKHA7,FALSE
PLEKHA8P1,FALSE
PLEKHB2,FALSE
PLEKHF1,FALSE
PLEKHF2,FALSE
PLEKHG4,FALSE
PLEKHM1P1,FALSE
PLEKHM2,FALSE
PLEKHO1,FALSE
PLEKHO2,FALSE
PLGRKT,FALSE
PLIN2,FALSE
PLIN3,FALSE
PLIN3-AS1,FALSE
PLK1,FALSE
PLK2,FALSE
PLK3,FALSE
PLK4,FALSE
PLOD1,FALSE
PLOD3,FALSE
PLPBP,FALSE
PLPP1,FALSE
PLPP3,FALSE
PLPP5,FALSE
PLPP6,FALSE
PLPPR2,FALSE
PLRG1,FALSE
PLS1,FALSE
PLS3,FALSE
PLSCR1,TRUE
PLSCR2,FALSE
PLSCR4,FALSE
PLXDC2,FALSE
PLXDC2-AS1,FALSE
PLXNA1,FALSE
PLXNA3,FALSE
PLXNB2,FALSE
PLXNB3-AS1,FALSE
PLXNC1,FALSE
PLXNC1-AS1,FALSE
PLXND1,FALSE
PMAIP1,TRUE
PMCH,FALSE
PMEPA1,FALSE
PMF1,FALSE
PMFBP1,FALSE
PML,FALSE
PMM1,FALSE
PMM2,FALSE
PMP22,FALSE
PMPCA,FALSE
PMPCB,FALSE
PMS1,FALSE
PMS2,FALSE
PMS2P1,FALSE
PNISR,FALSE
PNISR-AS1,FALSE
PNKD,FALSE
PNLDC1,FALSE
PNN,FALSE
PNO1,FALSE
PNP,FALSE
PNPLA2,FALSE
PNPLA3,FALSE
PNPLA4,FALSE
PNPLA6,FALSE
PNPLA8,FALSE
PNPT1,TRUE
PNRC1,FALSE
PNRC2P1,FALSE
POC1A,FALSE
POC1B,FALSE
POC1B-AS1,FALSE
POC1B-GALNT4,FALSE
POC5,FALSE
PODXL,FALSE
POFUT1,FALSE
POFUT2,FALSE
POFUT3,FALSE
POGK,FALSE
POGLUT1,FALSE
POGLUT2P1,FALSE
POGLUT3,FALSE
POGZ,FALSE
POLA1,FALSE
POLA2,FALSE
POLB,FALSE
POLD1,FALSE
POLD2,FALSE
POLD3,FALSE
POLD4,FALSE
POLDIP3,FALSE
POLE,FALSE
POLE2,FALSE
POLE3,FALSE
POLE4,FALSE
POLG,FALSE
POLG2,FALSE
POLH,FALSE
POLH-AS1,FALSE
POLHP1,FALSE
POLK,FALSE
POLL,FALSE
POLM,FALSE
POLQ,FALSE
POLR1A,FALSE
POLR1B,FALSE
POLR1C,FALSE
POLR1D,FALSE
POLR1E,FALSE
POLR1F,FALSE
POLR2A,FALSE
POLR2B,FALSE
POLR2E,FALSE
POLR2G,FALSE
POLR2H,FALSE
POLR2J2-UPK3BL1,FALSE
POLR2J4,FALSE
POLR2K,FALSE
POLR2L,FALSE
POLR2M,FALSE
POLR3A,FALSE
POLR3B,FALSE
POLR3C,FALSE
POLR3D,FALSE
POLR3E,FALSE
POLR3F,FALSE
POLR3K,FALSE
POLRMT,FALSE
POM121,FALSE
POM121C,FALSE
POMC,FALSE
POMGNT1,FALSE
POMGNT2,FALSE
POMK,FALSE
POMP,FALSE
POMT1,FALSE
POMT2,FALSE
PON2,FALSE
POP1,FALSE
POP4,FALSE
POP7,FALSE
POPDC2,FALSE
POR,FALSE
PORCN,FALSE
POT1,FALSE
POU2F1,FALSE
POU5F1P3,FALSE
POU5F1P4,FALSE
POU5F1P5,FALSE
PP2D1,FALSE
PPA1,FALSE
PPA2,FALSE
PPARA,FALSE
PPARD,FALSE
PPARG,FALSE
PPBP,FALSE
PPBPP1,FALSE
PPBPP2,FALSE
PPCDC,FALSE
PPCS,FALSE
PPDPF,FALSE
PPEF2,FALSE
PPFIA1,FALSE
PPFIA1P1,FALSE
PPFIBP1,FALSE
PPFIBP2,FALSE
PPHLN1,FALSE
PPIA,FALSE
PPIAL4C,FALSE
PPIAP41,FALSE
PPIAP42,FALSE
PPIAP51,FALSE
PPIAP69,FALSE
PPIB,FALSE
PPIC,FALSE
PPIE,FALSE
PPIEL,FALSE
PPIF,FALSE
PPIG,FALSE
PPIH,FALSE
PPIL2,FALSE
PPIL3,FALSE
PPIL4,FALSE
PPIP5K1,FALSE
PPIP5K2,FALSE
PPM1A,FALSE
PPM1B,FALSE
PPM1D,FALSE
PPM1F,FALSE
PPM1F-AS1,FALSE
PPM1G,FALSE
PPM1H,FALSE
PPM1K,TRUE
PPM1L,FALSE
PPM1M,FALSE
PPME1,FALSE
PPOX,FALSE
PPP1CB,FALSE
PPP1CC,FALSE
PPP1R12A,FALSE
PPP1R12A-AS2,FALSE
PPP1R12B,FALSE
PPP1R12C,FALSE
PPP1R13B,FALSE
PPP1R14B-AS1,FALSE
PPP1R14BP3,FALSE
PPP1R15A,FALSE
PPP1R15B,FALSE
PPP1R16A,FALSE
PPP1R17,FALSE
PPP1R1AP1,FALSE
PPP1R2,FALSE
PPP1R21,FALSE
PPP1R26,FALSE
PPP1R26P1,FALSE
PPP1R35,FALSE
PPP1R37,FALSE
PPP1R3B,FALSE
PPP1R7,FALSE
PPP1R8,FALSE
PPP1R9B,FALSE
PPP2CB,FALSE
PPP2R1A,FALSE
PPP2R1B,FALSE
PPP2R2A,FALSE
PPP2R2D,FALSE
PPP2R3A,FALSE
PPP2R3C,FALSE
PPP2R5A,FALSE
PPP2R5C,FALSE
PPP2R5E,FALSE
PPP3CA,FALSE
PPP3CB,FALSE
PPP3CB-AS1,FALSE
PPP3CC,FALSE
PPP4C,FALSE
PPP4R1,FALSE
PPP4R1L,FALSE
PPP4R2,FALSE
PPP4R2P1,FALSE
PPP4R3A,FALSE
PPP4R3B,FALSE
PPP4R3B-DT,FALSE
PPP5C,FALSE
PPP5D1P,FALSE
PPP6C,FALSE
PPP6R1,FALSE
PPP6R3,FALSE
PPRC1,FALSE
PPT1,FALSE
PPTC7,FALSE
PPWD1,FALSE
PRADC1P1,FALSE
PRADX,FALSE
PRAL,FALSE
PRAM1,FALSE
PRANCR,FALSE
PRC1,FALSE
PRC1-AS1,FALSE
PRCC,FALSE
PRCP,FALSE
PRDM1,FALSE
PRDM15,FALSE
PRDM2,FALSE
PRDM4,FALSE
PRDM4-AS1,FALSE
PRDX2,FALSE
PRDX2P2,FALSE
PRDX2P3,FALSE
PRDX3,FALSE
PRDX4,FALSE
PRDX5,FALSE
PRDX6,FALSE
PRDX6-AS1,FALSE
PRELID1P5,FALSE
PRELID2,FALSE
PRELID3B,FALSE
PREP,FALSE
PREP-AS1,FALSE
PREPL,FALSE
PREX1,FALSE
PRG2,FALSE
PRG4,FALSE
PRIM1,FALSE
PRIM2,FALSE
PRIMPOL,FALSE
PRKAA1,FALSE
PRKAB1,FALSE
PRKAB2,FALSE
PRKACA,FALSE
PRKACB,FALSE
PRKAG1,FALSE
PRKAG2,FALSE
PRKAG2-AS1,FALSE
PRKAG2-AS2,FALSE
PRKAG3,FALSE
PRKAR1A,FALSE
PRKAR1B,FALSE
PRKAR2A,FALSE
PRKAR2B,FALSE
PRKCA,FALSE
PRKCB,FALSE
PRKCD,FALSE
PRKCH,FALSE
PRKCH-AS2,FALSE
PRKCI,FALSE
PRKCQ-AS1,FALSE
PRKCSH,FALSE
PRKD2,FALSE
PRKD3,FALSE
PRKDC,FALSE
PRKG2,FALSE
PRKRA,FALSE
PRKRIP1,FALSE
PRKX,FALSE
PRMT1,FALSE
PRMT2,FALSE
PRMT3,FALSE
PRMT5-AS1,FALSE
PRMT7,FALSE
PRMT9,FALSE
PRNP,FALSE
PROC,FALSE
PROK2-DT,FALSE
PRORP,FALSE
PRORSD1P,FALSE
PROS1,FALSE
PROSER1,FALSE
PROSER2,FALSE
PRP4K,FALSE
PRPF18,FALSE
PRPF19,FALSE
PRPF3,FALSE
PRPF38A,FALSE
PRPF38B,FALSE
PRPF39,FALSE
PRPF4,FALSE
PRPF40A,FALSE
PRPF40B,FALSE
PRPS1P2,FALSE
PRPS2,FALSE
PRPSAP1,FALSE
PRPSAP2,FALSE
PRR11,FALSE
PRR13,FALSE
PRR13P2,FALSE
PRR13P3,FALSE
PRR14,FALSE
PRR14L,FALSE
PRR5,FALSE
PRRC1,FALSE
PRRC2B,FALSE
PRRC2C,FALSE
PRRT1B,FALSE
PRSS12,FALSE
PRSS21,FALSE
PRSS22,FALSE
PRSS23,FALSE
PRSS8,FALSE
PRXL2A,FALSE
PRXL2C,FALSE
PSAP,FALSE
PSAT1,FALSE
PSD3,FALSE
PSD3-AS1,FALSE
PSD4,FALSE
PSEN1,FALSE
PSEN2,FALSE
PSIP1,FALSE
PSMA1,FALSE
PSMA2,FALSE
PSMA3,FALSE
PSMA3-AS1,FALSE
PSMA4,FALSE
PSMA5,FALSE
PSMA6,FALSE
PSMB1,FALSE
PSMB10,FALSE
PSMB2,FALSE
PSMB5,FALSE
PSMB6,FALSE
PSMB7,FALSE
PSMC1,FALSE
PSMC2,FALSE
PSMC3,FALSE
PSMC4,FALSE
PSMC6,FALSE
PSMD1,FALSE
PSMD10,FALSE
PSMD10P1,FALSE
PSMD11,FALSE
PSMD12,FALSE
PSMD13,FALSE
PSMD14,FALSE
PSMD14-DT,FALSE
PSMD2,FALSE
PSMD3,FALSE
PSMD4,FALSE
PSMD4P1,FALSE
PSMD5,FALSE
PSMD6,FALSE
PSMD6-AS1,FALSE
PSMD6-AS2,FALSE
PSMD8,FALSE
PSMD8P1,FALSE
PSMD9,FALSE
PSME2,FALSE
PSME2P4,FALSE
PSME3,FALSE
PSME3IP1,FALSE
PSME4,FALSE
PSMF1,FALSE
PSMG2,FALSE
PSMG3,FALSE
PSMG3-AS1,FALSE
PSPC1,FALSE
PSPC1-AS2,FALSE
PSPC1P1,FALSE
PSPH,FALSE
PSPHP1,FALSE
PSTK,FALSE
PSTPIP1,FALSE
PSTPIP2,FALSE
PTAFR,FALSE
PTAR1,FALSE
PTBP1,FALSE
PTBP2,FALSE
PTBP3,FALSE
PTCD1,FALSE
PTCD2,FALSE
PTCD3,FALSE
PTDSS1,FALSE
PTEN,FALSE
PTER,FALSE
PTGDR2,FALSE
PTGDS,FALSE
PTGER2,FALSE
PTGER4,FALSE
PTGES2,FALSE
PTGES3,FALSE
PTGES3L-AARSD1,FALSE
PTGES3P1,FALSE
PTGR1,FALSE
PTGR3,FALSE
PTGS1,FALSE
PTGS2,FALSE
PTK2,FALSE
PTK2B,FALSE
PTMA,FALSE
PTMAP4,FALSE
PTMS,FALSE
PTOV1-AS1,FALSE
PTOV1-AS2,FALSE
PTP4A1,FALSE
PTP4A1P3,FALSE
PTP4A2,FALSE
PTPA,FALSE
PTPDC1,FALSE
PTPN1,FALSE
PTPN11,FALSE
PTPN11P2,FALSE
PTPN12,FALSE
PTPN13,FALSE
PTPN18,FALSE
PTPN2,FALSE
PTPN22,FALSE
PTPN23,FALSE
PTPN4,FALSE
PTPN7,FALSE
PTPN9,FALSE
PTPRA,FALSE
PTPRC,FALSE
PTPRE,FALSE
PTPRJ,FALSE
PTPRM,FALSE
PTPRN2-AS1,FALSE
PTPRO,FALSE
PTRH2,FALSE
PTRHD1,FALSE
PTS,FALSE
PTTG1,FALSE
PTTG1IP,FALSE
PTTG1P1,FALSE
PUDP,FALSE
PUF60,FALSE
PUM1,FALSE
PUM2,FALSE
PUM3,FALSE
PURA,FALSE
PURB,FALSE
PUS1,FALSE
PUS10,FALSE
PUS3,FALSE
PUS7,FALSE
PUS7L,FALSE
PVR,FALSE
PVT1,FALSE
PWP1,FALSE
PWWP2A,FALSE
PWWP3A,FALSE
PXK,FALSE
PXMP4,FALSE
PXN-AS1,FALSE
PXYLP1,FALSE
PYCARD,FALSE
PYCR2,FALSE
PYDC5,FALSE
PYGL,FALSE
PYGO2,FALSE
PYHIN1,FALSE
PYHIN5P,FALSE
PYM1,FALSE
PYROXD1,FALSE
QKI,FALSE
QNG1,FALSE
QPCT,FALSE
QPCTL,FALSE
QPRT,FALSE
QRICH1,FALSE
QRSL1,FALSE
QRSL1P3,FALSE
QSER1,FALSE
QSOX1,FALSE
QTMAN,FALSE
QTMAN-AS1,FALSE
QTRT1,FALSE
QTRT2,FALSE
R3HCC1L,FALSE
RAB10,FALSE
RAB11A,FALSE
RAB11B-AS1,FALSE
RAB11FIP1,FALSE
RAB11FIP1P1,FALSE
RAB11FIP2,FALSE
RAB11FIP4,FALSE
RAB12,FALSE
RAB12-AS1,FALSE
RAB18,FALSE
RAB1AP1,FALSE
RAB1B,FALSE
RAB21,FALSE
RAB22A,FALSE
RAB23,FALSE
RAB27A,FALSE
RAB28,FALSE
RAB29,FALSE
RAB2A,FALSE
RAB2B,FALSE
RAB30,FALSE
RAB30-DT,FALSE
RAB31,FALSE
RAB32,FALSE
RAB33B,FALSE
RAB33B-AS1,FALSE
RAB35,FALSE
RAB37,FALSE
RAB38,FALSE
RAB39A,FALSE
RAB3A,FALSE
RAB3GAP1,FALSE
RAB3GAP2,FALSE
RAB3IP,FALSE
RAB42,FALSE
RAB4A,FALSE
RAB4B,FALSE
RAB5A,FALSE
RAB5B,FALSE
RAB5C,FALSE
RAB5CP1,FALSE
RAB6A,FALSE
RAB7A,FALSE
RAB7B,FALSE
RAB8A,FALSE
RAB8B,FALSE
RAB9A,FALSE
RABAC1,FALSE
RABEP1,FALSE
RABEP2,FALSE
RABEPK,FALSE
RABGAP1,FALSE
RABGAP1L,TRUE
RABGAP1L-AS1,FALSE
RABGAP1L-IT1,FALSE
RABGEF1,FALSE
RABGEF1P1,FALSE
RABGGTA,FALSE
RABL2B,FALSE
RABL3,FALSE
RAC1,FALSE
RAC2,FALSE
RACGAP1,FALSE
RAD1,FALSE
RAD17P2,FALSE
RAD18,FALSE
RAD1P2,FALSE
RAD21,FALSE
RAD23A,FALSE
RAD23B,FALSE
RAD50,FALSE
RAD51,FALSE
RAD51AP1,FALSE
RAD51B,FALSE
RAD51C,FALSE
RAD52,FALSE
RAD54B,FALSE
RAD54L,FALSE
RAD54L2,FALSE
RAD9B,FALSE
RADX,FALSE
RAE1,FALSE
RAF1,FALSE
RAG2,FALSE
RAI1,FALSE
RAI14,FALSE
RALA,FALSE
RALB,FALSE
RALBP1,FALSE
RALGAPA1,FALSE
RALGAPA1P1,FALSE
RALGAPA2,FALSE
RALGAPB,FALSE
RALGPS2,FALSE
RALY,FALSE
RAMP1,FALSE
RAN,FALSE
RANBP1,FALSE
RANBP10,FALSE
RANBP2,FALSE
RANBP3,FALSE
RANBP6,FALSE
RANGAP1,FALSE
RAP1A,FALSE
RAP1AP,FALSE
RAP1B,FALSE
RAP1GAP,FALSE
RAP1GDS1,FALSE
RAP2A,FALSE
RAP2B,FALSE
RAP2C,FALSE
RAPGEF1,FALSE
RAPGEF2,FALSE
RAPGEF3,FALSE
RAPGEF6,FALSE
RAPH1,FALSE
RARA,FALSE
RARA-AS1,FALSE
RARRES1,FALSE
RARS1,FALSE
RARS2,FALSE
RASA1,FALSE
RASA2,FALSE
RASA2-IT1,FALSE
RASA3,FALSE
RASAL2,FALSE
RASAL2-AS1,FALSE
RASAL3,FALSE
RASD1,FALSE
RASGEF1A,FALSE
RASGEF1B,FALSE
RASGRP1,FALSE
RASGRP2,FALSE
RASGRP3,FALSE
RASL11A,FALSE
RASSF1,FALSE
RASSF2,FALSE
RASSF3,FALSE
RASSF4,FALSE
RASSF5,FALSE
RASSF8,FALSE
RASSF8-AS1,FALSE
RAVER1,FALSE
RAVER2,FALSE
RB1,FALSE
RB1CC1,FALSE
RBAK,FALSE
RBBP4,FALSE
RBBP4P1,FALSE
RBBP4P2,FALSE
RBBP5,FALSE
RBBP6,TRUE
RBBP7,FALSE
RBBP8,FALSE
RBBP8P1,FALSE
RBBP8P2,FALSE
RBCK1,TRUE
RBFA,FALSE
RBL1,FALSE
RBL2,FALSE
RBM10,FALSE
RBM12,FALSE
RBM12B,FALSE
RBM12B-AS1,FALSE
RBM14,FALSE
RBM15,FALSE
RBM15B,FALSE
RBM17,FALSE
RBM18,FALSE
RBM19,FALSE
RBM22,FALSE
RBM23,FALSE
RBM25,FALSE
RBM26,FALSE
RBM26-AS1,FALSE
RBM27,FALSE
RBM28,FALSE
RBM33,FALSE
RBM33-DT,FALSE
RBM34,FALSE
RBM38,FALSE
RBM38-AS1,FALSE
RBM39,FALSE
RBM4,FALSE
RBM41,FALSE
RBM42,FALSE
RBM43,TRUE
RBM43P1,FALSE
RBM45,FALSE
RBM47,FALSE
RBM48,FALSE
RBM4B,FALSE
RBM5,FALSE
RBM5-AS1,FALSE
RBM6,FALSE
RBM7,FALSE
RBM8A,FALSE
RBMS1,FALSE
RBMS1P1,FALSE
RBMX,FALSE
RBMX2,FALSE
RBMXL1,FALSE
RBPJ,FALSE
RBPMS,FALSE
RBPMSLP,FALSE
RBSN,FALSE
RBX1,FALSE
RC3H1,FALSE
RC3H1-IT1,FALSE
RC3H2,FALSE
RCAN1,FALSE
RCAN3,FALSE
RCBTB1,FALSE
RCBTB2,FALSE
RCC1,FALSE
RCC1L,FALSE
RCC2-AS1,FALSE
RCC2P6,FALSE
RCCD1,FALSE
RCHY1,FALSE
RCL1,FALSE
RCN1,FALSE
RCN2,FALSE
RCOR1,FALSE
RCOR3,FALSE
RDH10,FALSE
RDH10-AS1,FALSE
RDH11,FALSE
RDH12,FALSE
RDX,FALSE
RECQL,FALSE
RECQL5,FALSE
REDIC1,FALSE
REEP1,FALSE
REEP3,FALSE
REEP4,FALSE
REEP5,FALSE
REL,FALSE
RELA,FALSE
RELA-DT,FALSE
RELB,FALSE
RELCH,FALSE
RELL1,FALSE
RENBP,FALSE
REPIN1,FALSE
REPS1,FALSE
RER1,FALSE
RERE,FALSE
RESF1,FALSE
REST,FALSE
RETN,FALSE
RETREG1,FALSE
RETREG1-AS1,FALSE
RETREG2,FALSE
RETREG3,FALSE
RETSAT,FALSE
REV1,FALSE
REV3L,FALSE
REV3L-IT1,FALSE
REX1BD,FALSE
REXO1,FALSE
REXO2,FALSE
REXO4,FALSE
REXO5,FALSE
RFC1,FALSE
RFC2,FALSE
RFC4,FALSE
RFC5,FALSE
RFK,FALSE
RFKP3,FALSE
RFKP4,FALSE
RFKP5,FALSE
RFNG,FALSE
RFPL3S,FALSE
RFPL4AP4,FALSE
RFT1,FALSE
RFTN1,FALSE
RFWD3,FALSE
RFX2,FALSE
RFX3,FALSE
RFX3-DT,FALSE
RGCC,FALSE
RGL1,TRUE
RGP1,FALSE
RGPD5,FALSE
RGS1,FALSE
RGS10,FALSE
RGS12,FALSE
RGS14,FALSE
RGS17P1,FALSE
RGS18,FALSE
RGS19,FALSE
RGS2,FALSE
RGS20,FALSE
RGS22,FALSE
RGS3,FALSE
RGS5,FALSE
RHBDD1,FALSE
RHBDD2,FALSE
RHBDF1,FALSE
RHBDF2,FALSE
RHEB,FALSE
RHOA,FALSE
RHOA-IT1,FALSE
RHOBTB1,FALSE
RHOBTB2,FALSE
RHOBTB2-AS1,FALSE
RHOBTB3,FALSE
RHOC,FALSE
RHOF,FALSE
RHOG,FALSE
RHOH,FALSE
RHOQ,FALSE
RHOQ-AS1,FALSE
RHOQP1,FALSE
RHOT1,FALSE
RIC1,FALSE
RIC8A,FALSE
RIC8B,FALSE
RICTOR,FALSE
RIDA,FALSE
RIF1,FALSE
RIGI,FALSE
RILPL1,FALSE
RIMKLB,FALSE
RIMKLBP2,FALSE
RIMOC1,FALSE
RIN2,FALSE
RIN3,FALSE
RINT1,FALSE
RIOK1,FALSE
RIOK2,FALSE
RIOK3,FALSE
RIOX1,FALSE
RIOX2,FALSE
RIPK1,FALSE
RIPK2,FALSE
RIPK3,FALSE
RIT1,FALSE
RITA1,FALSE
RLIM,FALSE
RMC1,FALSE
RMDN1,FALSE
RMDN2,FALSE
RMDN2-AS1,FALSE
RMDN3,FALSE
RMI2,TRUE
RMND1,FALSE
RMND5A,FALSE
RMND5B,FALSE
RMP24,FALSE
RN7SKP134,FALSE
RN7SKP151,FALSE
RN7SKP16,FALSE
RN7SKP163,FALSE
RN7SKP180,FALSE
RN7SKP198,FALSE
RN7SKP23,FALSE
RN7SKP230,FALSE
RN7SKP235,FALSE
RN7SKP26,FALSE
RN7SKP273,FALSE
RN7SKP287,FALSE
RN7SKP296,FALSE
RN7SKP4,FALSE
RN7SKP50,FALSE
RN7SKP69,FALSE
RN7SKP71,FALSE
RN7SKP74,FALSE
RN7SKP95,FALSE
RN7SKP97,FALSE
RN7SL1,FALSE
RN7SL124P,FALSE
RN7SL127P,FALSE
RN7SL128P,FALSE
RN7SL12P,FALSE
RN7SL130P,FALSE
RN7SL131P,FALSE
RN7SL141P,FALSE
RN7SL166P,FALSE
RN7SL168P,FALSE
RN7SL16P,FALSE
RN7SL174P,FALSE
RN7SL187P,FALSE
RN7SL2,FALSE
RN7SL200P,FALSE
RN7SL20P,FALSE
RN7SL218P,FALSE
RN7SL220P,FALSE
RN7SL230P,FALSE
RN7SL239P,FALSE
RN7SL23P,FALSE
RN7SL242P,FALSE
RN7SL244P,FALSE
RN7SL254P,FALSE
RN7SL273P,FALSE
RN7SL277P,FALSE
RN7SL288P,FALSE
RN7SL297P,FALSE
RN7SL3,FALSE
RN7SL306P,FALSE
RN7SL30P,FALSE
RN7SL328P,FALSE
RN7SL329P,FALSE
RN7SL344P,FALSE
RN7SL350P,FALSE
RN7SL351P,FALSE
RN7SL359P,FALSE
RN7SL364P,FALSE
RN7SL368P,FALSE
RN7SL37P,FALSE
RN7SL390P,FALSE
RN7SL394P,FALSE
RN7SL398P,FALSE
RN7SL405P,FALSE
RN7SL413P,FALSE
RN7SL414P,FALSE
RN7SL418P,FALSE
RN7SL430P,FALSE
RN7SL431P,FALSE
RN7SL442P,FALSE
RN7SL448P,FALSE
RN7SL455P,FALSE
RN7SL460P,FALSE
RN7SL47P,FALSE
RN7SL481P,FALSE
RN7SL48P,FALSE
RN7SL4P,FALSE
RN7SL502P,FALSE
RN7SL510P,FALSE
RN7SL515P,FALSE
RN7SL517P,FALSE
RN7SL518P,FALSE
RN7SL523P,FALSE
RN7SL524P,FALSE
RN7SL535P,FALSE
RN7SL552P,FALSE
RN7SL559P,FALSE
RN7SL566P,FALSE
RN7SL573P,FALSE
RN7SL574P,FALSE
RN7SL577P,FALSE
RN7SL587P,FALSE
RN7SL600P,FALSE
RN7SL610P,FALSE
RN7SL612P,FALSE
RN7SL614P,FALSE
RN7SL629P,FALSE
RN7SL634P,FALSE
RN7SL648P,FALSE
RN7SL672P,FALSE
RN7SL681P,FALSE
RN7SL683P,FALSE
RN7SL698P,FALSE
RN7SL706P,FALSE
RN7SL733P,FALSE
RN7SL737P,FALSE
RN7SL738P,FALSE
RN7SL745P,FALSE
RN7SL748P,FALSE
RN7SL74P,FALSE
RN7SL752P,FALSE
RN7SL774P,FALSE
RN7SL784P,FALSE
RN7SL789P,FALSE
RN7SL798P,FALSE
RN7SL800P,FALSE
RN7SL804P,FALSE
RN7SL809P,FALSE
RN7SL81P,FALSE
RN7SL833P,FALSE
RN7SL862P,FALSE
RNA5SP104,FALSE
RNA5SP108,FALSE
RNA5SP129,FALSE
RNA5SP151,FALSE
RNA5SP155,FALSE
RNA5SP159,FALSE
RNA5SP160,FALSE
RNA5SP165,FALSE
RNA5SP187,FALSE
RNA5SP195,FALSE
RNA5SP197,FALSE
RNA5SP20,FALSE
RNA5SP201,FALSE
RNA5SP203,FALSE
RNA5SP209,FALSE
RNA5SP216,FALSE
RNA5SP217,FALSE
RNA5SP219,FALSE
RNA5SP237,FALSE
RNA5SP241,FALSE
RNA5SP260,FALSE
RNA5SP282,FALSE
RNA5SP289,FALSE
RNA5SP290,FALSE
RNA5SP294,FALSE
RNA5SP295,FALSE
RNA5SP296,FALSE
RNA5SP301,FALSE
RNA5SP304,FALSE
RNA5SP305,FALSE
RNA5SP307,FALSE
RNA5SP321,FALSE
RNA5SP323,FALSE
RNA5SP324,FALSE
RNA5SP33,FALSE
RNA5SP343,FALSE
RNA5SP345,FALSE
RNA5SP352,FALSE
RNA5SP354,FALSE
RNA5SP363,FALSE
RNA5SP364,FALSE
RNA5SP368,FALSE
RNA5SP370,FALSE
RNA5SP39,FALSE
RNA5SP392,FALSE
RNA5SP394,FALSE
RNA5SP399,FALSE
RNA5SP434,FALSE
RNA5SP435,FALSE
RNA5SP449,FALSE
RNA5SP450,FALSE
RNA5SP464,FALSE
RNA5SP466,FALSE
RNA5SP469,FALSE
RNA5SP479,FALSE
RNA5SP484,FALSE
RNA5SP491,FALSE
RNA5SP493,FALSE
RNA5SP494,FALSE
RNA5SP55,FALSE
RNA5SP68,FALSE
RNA5SP82,FALSE
RNA5SP88,FALSE
RNA5SP95,FALSE
RNASE1,FALSE
RNASE6,FALSE
RNASEH1,FALSE
RNASEH2A,FALSE
RNASEH2B,FALSE
RNASEH2B-AS1,FALSE
RNASET2,FALSE
RND3,FALSE
RNF10,FALSE
RNF103,FALSE
RNF11,FALSE
RNF111,FALSE
RNF114,FALSE
RNF115,FALSE
RNF121,FALSE
RNF123,FALSE
RNF125,FALSE
RNF126,FALSE
RNF128,FALSE
RNF13,FALSE
RNF130,FALSE
RNF135,FALSE
RNF138,FALSE
RNF14,FALSE
RNF141,FALSE
RNF144A,FALSE
RNF144B,FALSE
RNF145,FALSE
RNF146,FALSE
RNF149,FALSE
RNF14P3,FALSE
RNF152P1,FALSE
RNF166,FALSE
RNF168,FALSE
RNF169,FALSE
RNF170,FALSE
RNF175,FALSE
RNF185,FALSE
RNF19A,FALSE
RNF2,FALSE
RNF20,FALSE
RNF207,FALSE
RNF212B,FALSE
RNF213,TRUE
RNF213-AS1,FALSE
RNF214,FALSE
RNF216,FALSE
RNF216P1,FALSE
RNF217,FALSE
RNF220,FALSE
RNF24,FALSE
RNF31,FALSE
RNF32-DT,FALSE
RNF34,FALSE
RNF38,FALSE
RNF4,FALSE
RNF40,FALSE
RNF41,FALSE
RNF43,FALSE
RNF44,FALSE
RNF6,FALSE
RNF7,FALSE
RNF8,FALSE
RNGTT,FALSE
RNLS,FALSE
RNMT,FALSE
RNPC3,FALSE
RNPEP,FALSE
RNPEPL1,FALSE
RNPS1,FALSE
RNU1-1,FALSE
RNU1-103P,FALSE
RNU1-134P,FALSE
RNU1-2,FALSE
RNU1-73P,FALSE
RNU1-93P,FALSE
RNU2-2,FALSE
RNU2-25P,FALSE
RNU2-28P,FALSE
RNU2-35P,FALSE
RNU2-46P,FALSE
RNU2-63P,FALSE
RNU2-65P,FALSE
RNU4-1,FALSE
RNU4-21P,FALSE
RNU4-25P,FALSE
RNU4-47P,FALSE
RNU4-4P,FALSE
RNU4-51P,FALSE
RNU4-53P,FALSE
RNU4-59P,FALSE
RNU4-68P,FALSE
RNU4-87P,FALSE
RNU4ATAC,FALSE
RNU4ATAC12P,FALSE
RNU4ATAC16P,FALSE
RNU4ATAC18P,FALSE
RNU5A-1,FALSE
RNU5A-2P,FALSE
RNU5A-3P,FALSE
RNU5A-4P,FALSE
RNU5A-8P,FALSE
RNU5B-1,FALSE
RNU5D-1,FALSE
RNU5E-1,FALSE
RNU5E-4P,FALSE
RNU5F-1,FALSE
RNU6-1003P,FALSE
RNU6-100P,FALSE
RNU6-1010P,FALSE
RNU6-1016P,FALSE
RNU6-1019P,FALSE
RNU6-1020P,FALSE
RNU6-1024P,FALSE
RNU6-1026P,FALSE
RNU6-1034P,FALSE
RNU6-1050P,FALSE
RNU6-1053P,FALSE
RNU6-105P,FALSE
RNU6-106P,FALSE
RNU6-1079P,FALSE
RNU6-107P,FALSE
RNU6-1081P,FALSE
RNU6-1082P,FALSE
RNU6-1085P,FALSE
RNU6-1095P,FALSE
RNU6-1098P,FALSE
RNU6-1121P,FALSE
RNU6-1127P,FALSE
RNU6-1128P,FALSE
RNU6-1138P,FALSE
RNU6-1143P,FALSE
RNU6-1147P,FALSE
RNU6-1153P,FALSE
RNU6-1154P,FALSE
RNU6-1157P,FALSE
RNU6-1169P,FALSE
RNU6-1188P,FALSE
RNU6-118P,FALSE
RNU6-1190P,FALSE
RNU6-1198P,FALSE
RNU6-1206P,FALSE
RNU6-1208P,FALSE
RNU6-1209P,FALSE
RNU6-1214P,FALSE
RNU6-122P,FALSE
RNU6-1231P,FALSE
RNU6-1240P,FALSE
RNU6-1255P,FALSE
RNU6-1257P,FALSE
RNU6-126P,FALSE
RNU6-1275P,FALSE
RNU6-1284P,FALSE
RNU6-128P,FALSE
RNU6-1294P,FALSE
RNU6-1297P,FALSE
RNU6-1301P,FALSE
RNU6-1309P,FALSE
RNU6-130P,FALSE
RNU6-1316P,FALSE
RNU6-1318P,FALSE
RNU6-1333P,FALSE
RNU6-1336P,FALSE
RNU6-141P,FALSE
RNU6-142P,FALSE
RNU6-146P,FALSE
RNU6-151P,FALSE
RNU6-188P,FALSE
RNU6-190P,FALSE
RNU6-194P,FALSE
RNU6-196P,FALSE
RNU6-199P,FALSE
RNU6-19P,FALSE
RNU6-2,FALSE
RNU6-212P,FALSE
RNU6-216P,FALSE
RNU6-218P,FALSE
RNU6-223P,FALSE
RNU6-230P,FALSE
RNU6-238P,FALSE
RNU6-240P,FALSE
RNU6-249P,FALSE
RNU6-251P,FALSE
RNU6-254P,FALSE
RNU6-260P,FALSE
RNU6-262P,FALSE
RNU6-264P,FALSE
RNU6-282P,FALSE
RNU6-288P,FALSE
RNU6-291P,FALSE
RNU6-314P,FALSE
RNU6-315P,FALSE
RNU6-319P,FALSE
RNU6-323P,FALSE
RNU6-335P,FALSE
RNU6-33P,FALSE
RNU6-344P,FALSE
RNU6-376P,FALSE
RNU6-377P,FALSE
RNU6-37P,FALSE
RNU6-388P,FALSE
RNU6-395P,FALSE
RNU6-399P,FALSE
RNU6-39P,FALSE
RNU6-402P,FALSE
RNU6-407P,FALSE
RNU6-422P,FALSE
RNU6-431P,FALSE
RNU6-432P,FALSE
RNU6-433P,FALSE
RNU6-435P,FALSE
RNU6-437P,FALSE
RNU6-444P,FALSE
RNU6-446P,FALSE
RNU6-454P,FALSE
RNU6-469P,FALSE
RNU6-476P,FALSE
RNU6-479P,FALSE
RNU6-47P,FALSE
RNU6-482P,FALSE
RNU6-48P,FALSE
RNU6-509P,FALSE
RNU6-510P,FALSE
RNU6-514P,FALSE
RNU6-517P,FALSE
RNU6-522P,FALSE
RNU6-539P,FALSE
RNU6-53P,FALSE
RNU6-540P,FALSE
RNU6-541P,FALSE
RNU6-547P,FALSE
RNU6-548P,FALSE
RNU6-553P,FALSE
RNU6-571P,FALSE
RNU6-577P,FALSE
RNU6-57P,FALSE
RNU6-583P,FALSE
RNU6-593P,FALSE
RNU6-595P,FALSE
RNU6-59P,FALSE
RNU6-5P,FALSE
RNU6-606P,FALSE
RNU6-60P,FALSE
RNU6-615P,FALSE
RNU6-616P,FALSE
RNU6-618P,FALSE
RNU6-621P,FALSE
RNU6-628P,FALSE
RNU6-638P,FALSE
RNU6-640P,FALSE
RNU6-644P,FALSE
RNU6-645P,FALSE
RNU6-646P,FALSE
RNU6-647P,FALSE
RNU6-652P,FALSE
RNU6-653P,FALSE
RNU6-670P,FALSE
RNU6-673P,FALSE
RNU6-677P,FALSE
RNU6-681P,FALSE
RNU6-701P,FALSE
RNU6-708P,FALSE
RNU6-711P,FALSE
RNU6-720P,FALSE
RNU6-731P,FALSE
RNU6-733P,FALSE
RNU6-74P,FALSE
RNU6-757P,FALSE
RNU6-762P,FALSE
RNU6-766P,FALSE
RNU6-767P,FALSE
RNU6-769P,FALSE
RNU6-780P,FALSE
RNU6-786P,FALSE
RNU6-787P,FALSE
RNU6-790P,FALSE
RNU6-795P,FALSE
RNU6-79P,FALSE
RNU6-8,FALSE
RNU6-805P,FALSE
RNU6-813P,FALSE
RNU6-824P,FALSE
RNU6-828P,FALSE
RNU6-853P,FALSE
RNU6-854P,FALSE
RNU6-855P,FALSE
RNU6-856P,FALSE
RNU6-858P,FALSE
RNU6-862P,FALSE
RNU6-877P,FALSE
RNU6-881P,FALSE
RNU6-88P,FALSE
RNU6-890P,FALSE
RNU6-892P,FALSE
RNU6-893P,FALSE
RNU6-90P,FALSE
RNU6-910P,FALSE
RNU6-915P,FALSE
RNU6-917P,FALSE
RNU6-91P,FALSE
RNU6-920P,FALSE
RNU6-936P,FALSE
RNU6-942P,FALSE
RNU6-946P,FALSE
RNU6-94P,FALSE
RNU6-952P,FALSE
RNU6-958P,FALSE
RNU6-960P,FALSE
RNU6-969P,FALSE
RNU6-975P,FALSE
RNU6-97P,FALSE
RNU6-998P,FALSE
RNU6ATAC16P,FALSE
RNU6ATAC18P,FALSE
RNU6ATAC24P,FALSE
RNU6ATAC9P,FALSE
RNU6V,FALSE
RNU7-1,FALSE
RNU7-110P,FALSE
RNU7-124P,FALSE
RNU7-12P,FALSE
RNU7-13P,FALSE
RNU7-151P,FALSE
RNU7-169P,FALSE
RNU7-170P,FALSE
RNU7-181P,FALSE
RNU7-18P,FALSE
RNU7-195P,FALSE
RNU7-19P,FALSE
RNU7-200P,FALSE
RNU7-20P,FALSE
RNU7-28P,FALSE
RNU7-38P,FALSE
RNU7-3P,FALSE
RNU7-41P,FALSE
RNU7-49P,FALSE
RNU7-4P,FALSE
RNU7-50P,FALSE
RNU7-70P,FALSE
RNU7-75P,FALSE
RNU7-84P,FALSE
RNU7-96P,FALSE
RNVU1-14,FALSE
RNVU1-15,FALSE
RNVU1-19,FALSE
RNVU1-2,FALSE
RNVU1-21,FALSE
RNVU1-22,FALSE
RNVU1-27,FALSE
RNVU1-3,FALSE
RNVU1-30,FALSE
RNVU1-31,FALSE
RNVU1-4,FALSE
RNVU1-6,FALSE
RNVU1-7,FALSE
RNVU1-8,FALSE
RNY1,FALSE
RNY1P10,FALSE
RNY1P14,FALSE
RNY1P16,FALSE
RNY1P4,FALSE
RNY1P6,FALSE
RNY1P9,FALSE
RNY3P12,FALSE
RNY3P2,FALSE
RNY4P3,FALSE
RNY4P34,FALSE
RNY4P7,FALSE
RO60,FALSE
ROBO3,FALSE
ROCK1,FALSE
ROCK2,FALSE
ROGDI,FALSE
ROR1,FALSE
ROR1-AS1,FALSE
RORA,FALSE
RP9,FALSE
RPA1,FALSE
RPA2,FALSE
RPA3,FALSE
RPA4,FALSE
RPAIN,FALSE
RPAP1,FALSE
RPAP2,FALSE
RPAP3,FALSE
RPAP3-DT,FALSE
RPE,FALSE
RPEP3,FALSE
RPEP4,FALSE
RPF1,FALSE
RPGR,FALSE
RPL10,FALSE
RPL10AP1,FALSE
RPL10AP7,FALSE
RPL10P12,FALSE
RPL11,FALSE
RPL12P11,FALSE
RPL12P21,FALSE
RPL12P29,FALSE
RPL12P44,FALSE
RPL13AP12,FALSE
RPL13AP15,FALSE
RPL13AP19,FALSE
RPL13AP27,FALSE
RPL13AP5,FALSE
RPL13AP9,FALSE
RPL13P12,FALSE
RPL13P6,FALSE
RPL13P8,FALSE
RPL14,FALSE
RPL15,FALSE
RPL15P19,FALSE
RPL15P6,FALSE
RPL15P8,FALSE
RPL17P18,FALSE
RPL17P28,FALSE
RPL17P7,FALSE
RPL17P8,FALSE
RPL17P9,FALSE
RPL18,FALSE
RPL18AP9,FALSE
RPL18P10,FALSE
RPL19,FALSE
RPL21P1,FALSE
RPL21P10,FALSE
RPL21P113,FALSE
RPL21P119,FALSE
RPL21P125,FALSE
RPL21P136,FALSE
RPL21P15,FALSE
RPL21P21,FALSE
RPL21P23,FALSE
RPL21P4,FALSE
RPL21P48,FALSE
RPL21P49,FALSE
RPL21P5,FALSE
RPL21P52,FALSE
RPL21P63,FALSE
RPL21P65,FALSE
RPL21P69,FALSE
RPL21P74,FALSE
RPL21P80,FALSE
RPL22P21,FALSE
RPL22P3,FALSE
RPL23AP11,FALSE
RPL23AP18,FALSE
RPL23AP2,FALSE
RPL23AP23,FALSE
RPL23AP33,FALSE
RPL23AP34,FALSE
RPL23AP52,FALSE
RPL23AP55,FALSE
RPL23AP70,FALSE
RPL23AP90,FALSE
RPL24,FALSE
RPL24P5,FALSE
RPL26,FALSE
RPL26L1,FALSE
RPL26P10,FALSE
RPL26P9,FALSE
RPL27,FALSE
RPL27A,FALSE
RPL27P12,FALSE
RPL27P8,FALSE
RPL28,FALSE
RPL29,FALSE
RPL29P12,FALSE
RPL29P14,FALSE
RPL29P15,FALSE
RPL29P17,FALSE
RPL30,FALSE
RPL30-AS1,FALSE
RPL30P2,FALSE
RPL30P9,FALSE
RPL31,FALSE
RPL31P19,FALSE
RPL31P22,FALSE
RPL31P47,FALSE
RPL31P49,FALSE
RPL31P52,FALSE
RPL31P62,FALSE
RPL31P7,FALSE
RPL32,FALSE
RPL32P1,FALSE
RPL32P11,FALSE
RPL32P18,FALSE
RPL32P2,FALSE
RPL32P24,FALSE
RPL32P29,FALSE
RPL32P3,FALSE
RPL32P32,FALSE
RPL34,FALSE
RPL34P20,FALSE
RPL34P21,FALSE
RPL34P24,FALSE
RPL34P32,FALSE
RPL35A,FALSE
RPL35AP13,FALSE
RPL35AP2,FALSE
RPL35AP24,FALSE
RPL35AP32,FALSE
RPL35AP36,FALSE
RPL35AP5,FALSE
RPL35AP6,FALSE
RPL35P3,FALSE
RPL35P6,FALSE
RPL36A-HNRNPH2,FALSE
RPL36AL,FALSE
RPL36AP15,FALSE
RPL36AP16,FALSE
RPL36AP30,FALSE
RPL36AP32,FALSE
RPL36AP7,FALSE
RPL36AP8,FALSE
RPL36P4,FALSE
RPL36P9,FALSE
RPL37,FALSE
RPL37A,FALSE
RPL37A-DT,FALSE
RPL37AP6,FALSE
RPL37P12,FALSE
RPL37P14,FALSE
RPL37P17,FALSE
RPL38,FALSE
RPL38P5,FALSE
RPL39P14,FALSE
RPL39P26,FALSE
RPL39P34,FALSE
RPL39P6,FALSE
RPL3P1,FALSE
RPL4P7,FALSE
RPL5,FALSE
RPL5P30,FALSE
RPL5P4,FALSE
RPL5P5,FALSE
RPL6,FALSE
RPL6P24,FALSE
RPL7AP10,FALSE
RPL7AP15,FALSE
RPL7AP16,FALSE
RPL7AP2,FALSE
RPL7AP3,FALSE
RPL7AP35,FALSE
RPL7AP42,FALSE
RPL7AP60,FALSE
RPL7AP65,FALSE
RPL7AP82,FALSE
RPL7L1,FALSE
RPL7L1P3,FALSE
RPL7L1P9,FALSE
RPL7P14,FALSE
RPL7P18,FALSE
RPL7P21,FALSE
RPL7P24,FALSE
RPL7P25,FALSE
RPL7P32,FALSE
RPL7P39,FALSE
RPL8P3,FALSE
RPL9,FALSE
RPL9P11,FALSE
RPL9P3,FALSE
RPL9P7,FALSE
RPLP0,FALSE
RPLP0P2,FALSE
RPN1,FALSE
RPN2,FALSE
RPP30,FALSE
RPP38,FALSE
RPRD1A,FALSE
RPRD1B,FALSE
RPRD2,FALSE
RPS10,FALSE
RPS10-NUDT3,FALSE
RPS10P16,FALSE
RPS10P18,FALSE
RPS10P23,FALSE
RPS10P5,FALSE
RPS10P6,FALSE
RPS10P7,FALSE
RPS11P5,FALSE
RPS12P12,FALSE
RPS12P14,FALSE
RPS12P17,FALSE
RPS12P20,FALSE
RPS12P27,FALSE
RPS12P28,FALSE
RPS12P7,FALSE
RPS13,FALSE
RPS13P1,FALSE
RPS13P2,FALSE
RPS14,FALSE
RPS14P1,FALSE
RPS15,FALSE
RPS15AP1,FALSE
RPS15AP10,FALSE
RPS15AP11,FALSE
RPS15AP14,FALSE
RPS15AP16,FALSE
RPS15AP23,FALSE
RPS15AP29,FALSE
RPS15AP30,FALSE
RPS15AP6,FALSE
RPS15P4,FALSE
RPS15P7,FALSE
RPS16,FALSE
RPS16P5,FALSE
RPS17P13,FALSE
RPS19,FALSE
RPS19BP1,FALSE
RPS19P3,FALSE
RPS20P15,FALSE
RPS20P17,FALSE
RPS20P20,FALSE
RPS20P33,FALSE
RPS20P4,FALSE
RPS21,FALSE
RPS21-DT,FALSE
RPS23P10,FALSE
RPS24,FALSE
RPS24P16,FALSE
RPS24P5,FALSE
RPS24P8,FALSE
RPS26P12,FALSE
RPS26P18,FALSE
RPS26P21,FALSE
RPS26P22,FALSE
RPS26P39,FALSE
RPS26P52,FALSE
RPS27,FALSE
RPS27AP10,FALSE
RPS27AP13,FALSE
RPS27AP8,FALSE
RPS27L,FALSE
RPS27P15,FALSE
RPS28,FALSE
RPS28P4,FALSE
RPS28P7,FALSE
RPS29P19,FALSE
RPS29P20,FALSE
RPS29P22,FALSE
RPS2P13,FALSE
RPS2P15,FALSE
RPS2P16,FALSE
RPS2P29,FALSE
RPS2P32,FALSE
RPS2P36,FALSE
RPS2P41,FALSE
RPS2P44,FALSE
RPS2P5,FALSE
RPS2P51,FALSE
RPS2P8,FALSE
RPS3,FALSE
RPS3AP13,FALSE
RPS3AP27,FALSE
RPS3AP38,FALSE
RPS3P2,FALSE
RPS4X,FALSE
RPS4XP14,FALSE
RPS4Y1,FALSE
RPS5,FALSE
RPS5P2,FALSE
RPS6KA1,FALSE
RPS6KA2,FALSE
RPS6KA2-IT1,FALSE
RPS6KA3,FALSE
RPS6KA4,FALSE
RPS6KA5,FALSE
RPS6KB1,FALSE
RPS6KB2,FALSE
RPS6KB2-AS1,FALSE
RPS6KC1,FALSE
RPS6KL1,FALSE
RPS7,FALSE
RPS7P15,FALSE
RPS8P9,FALSE
RPSA,FALSE
RPSAP13,FALSE
RPSAP21,FALSE
RPSAP6,FALSE
RPTOR,FALSE
RPUSD2,FALSE
RPUSD3,FALSE
RPUSD4,FALSE
RRAGB,FALSE
RRAGC,FALSE
RRAGD,FALSE
RRAS,FALSE
RRBP1,FALSE
RREB1,FALSE
RRM1,FALSE
RRM1-AS1,FALSE
RRM2,FALSE
RRM2B,FALSE
RRN3P1,FALSE
RRN3P2,FALSE
RRP1,FALSE
RRP12,FALSE
RRP15,FALSE
RRP7A,FALSE
RRP7BP,FALSE
RRP8,FALSE
RSAD1,FALSE
RSAD2,TRUE
RSBN1,FALSE
RSBN1L,FALSE
RSC1A1,FALSE
RSF1,FALSE
RSF1-IT1,FALSE
RSF1-IT2,FALSE
RSL1D1,FALSE
RSL1D1-DT,FALSE
RSL24D1,FALSE
RSPH3,FALSE
RSPRY1,FALSE
RSRC1,FALSE
RSRC2,FALSE
RSRP1,FALSE
RSU1,FALSE
RTCA,FALSE
RTCB,FALSE
RTEL1,FALSE
RTEL1P1,FALSE
RTF1,FALSE
RTF2,FALSE
RTL10,FALSE
RTL8A,FALSE
RTL8B,FALSE
RTL8C,FALSE
RTN1,FALSE
RTN2,FALSE
RTN3,FALSE
RTN3P1,FALSE
RTN4,FALSE
RTN4IP1,FALSE
RTN4RL2,FALSE
RTP4,TRUE
RTTN,FALSE
RUBCN,FALSE
RUBCNL,FALSE
RUFY1,FALSE
RUFY2,FALSE
RUFY3,FALSE
RUNDC1,FALSE
RUNX1,FALSE
RUNX1-AS1,FALSE
RUSC1-AS1,FALSE
RUSC2,FALSE
RUSF1,FALSE
RUVBL1,FALSE
RUVBL2,FALSE
RWDD1,FALSE
RWDD2B,FALSE
RWDD3,FALSE
RXRA,FALSE
RXYLT1,FALSE
RXYLT1-AS1,FALSE
RYBP,FALSE
RYK,FALSE
RYKP1,FALSE
RYR1,FALSE
RYR3,FALSE
S100A10,FALSE
S100A13,FALSE
S100A16,FALSE
S100B,FALSE
S100PBP,FALSE
S1PR1,FALSE
S1PR4,FALSE
SAAL1,FALSE
SACM1L,FALSE
SACS,FALSE
SAE1,FALSE
SAFB,FALSE
SAFB2,FALSE
SALL4P4,FALSE
SAMD1,FALSE
SAMD10,FALSE
SAMD11P1,FALSE
SAMD4A,TRUE
SAMD4B,FALSE
SAMD8,FALSE
SAMD9,TRUE
SAMD9L,TRUE
SAMHD1,FALSE
SAMM50,FALSE
SAMM50P1,FALSE
SAMSN1,FALSE
SAMTOR,FALSE
SANBR,FALSE
SAP130,FALSE
SAP18,FALSE
SAP30BP,FALSE
SAP30BP-AS1,FALSE
SAP30L,FALSE
SAP30L-AS1,FALSE
SAP30P1,FALSE
SAPCD2P3,FALSE
SAR1A,FALSE
SAR1B,FALSE
SARAF,FALSE
SARDH,FALSE
SARM1,FALSE
SARNP,FALSE
SARS1,FALSE
SARS2,FALSE
SART1,FALSE
SART3,FALSE
SASH1,TRUE
SASH3,FALSE
SAT2,FALSE
SATB1,FALSE
SAV1,FALSE
SAXO6,FALSE
SBDS,FALSE
SBDSP1,FALSE
SBF1,FALSE
SBF2,FALSE
SBF2-AS1,FALSE
SC5D,FALSE
SCAANT1,FALSE
SCAF1,FALSE
SCAF11,FALSE
SCAF4,FALSE
SCAF8,FALSE
SCAI,FALSE
SCAMP1,FALSE
SCAMP2,FALSE
SCAMP4,FALSE
SCAP,FALSE
SCAPER,FALSE
SCARB1,FALSE
SCARB2,FALSE
SCARNA1,FALSE
SCARNA13,FALSE
SCARNA15,FALSE
SCARNA16,FALSE
SCARNA17,FALSE
SCARNA18,FALSE
SCARNA18B,FALSE
SCARNA20,FALSE
SCARNA21B,FALSE
SCARNA22,FALSE
SCARNA3,FALSE
SCARNA6,FALSE
SCARNA7,FALSE
SCAT1,FALSE
SCAT2,FALSE
SCD,FALSE
SCFD1,FALSE
SCFD2,FALSE
SCFD2-AS1,FALSE
SCIMP,FALSE
SCIN,TRUE
SCLT1,FALSE
SCLY,FALSE
SCML1,FALSE
SCN1A-AS1,FALSE
SCN1B,FALSE
SCN9A,FALSE
SCNM1,FALSE
SCNN1A,FALSE
SCO1,FALSE
SCOC,FALSE
SCP2,FALSE
SCPEP1,FALSE
SCRN1,FALSE
SCRN3,FALSE
SCUBE2,FALSE
SCYL2,FALSE
SCYL2P1,FALSE
SCYL3,FALSE
SDAD1,FALSE
SDC2,FALSE
SDC3,FALSE
SDCBP,FALSE
SDCBP2-AS1,FALSE
SDF2,FALSE
SDF2L1,FALSE
SDF4,FALSE
SDHA,FALSE
SDHAF1,FALSE
SDHAF3,FALSE
SDHAP1,FALSE
SDHAP3,FALSE
SDHAP4,FALSE
SDHB,FALSE
SDHC,FALSE
SDHCP1,FALSE
SDHCP2,FALSE
SDHCP5,FALSE
SDHD,FALSE
SDS,TRUE
SDSL,FALSE
SEC11A,FALSE
SEC11C,FALSE
SEC13,FALSE
SEC13P1,FALSE
SEC14L1,FALSE
SEC14L2,FALSE
SEC16A,FALSE
SEC22A,FALSE
SEC22B,FALSE
SEC22C,FALSE
SEC23A,FALSE
SEC23B,FALSE
SEC23IP,FALSE
SEC24A,FALSE
SEC24AP1,FALSE
SEC24B,FALSE
SEC24B-AS1,FALSE
SEC24C,FALSE
SEC24D,FALSE
SEC31A,FALSE
SEC31B,FALSE
SEC61A1,FALSE
SEC61B,FALSE
SEC61G,FALSE
SEC62,FALSE
SEC62-AS1,FALSE
SEC63,FALSE
SEC63P1,FALSE
SECISBP2,FALSE
SECISBP2L,FALSE
SECTM1,TRUE
SEH1L,FALSE
SEL1L,FALSE
SEL1L2,FALSE
SEL1L3,FALSE
SELENOF,FALSE
SELENOI,FALSE
SELENOK,FALSE
SELENOM,FALSE
SELENON,FALSE
SELENOO-AS1,FALSE
SELENOOLP,FALSE
SELENOS,FALSE
SELENOT,FALSE
SELENOW,FALSE
SELL,FALSE
SELPLG,FALSE
SEM1,FALSE
SEMA3A,FALSE
SEMA3C,FALSE
SEMA4A,FALSE
SEMA4B,FALSE
SEMA4D,TRUE
SEMA4F,FALSE
SEMA4G,FALSE
SEMA6A,FALSE
SEMA6A-AS1,FALSE
SEMA6B,FALSE
SENCR,FALSE
SENP1,FALSE
SENP2,FALSE
SENP3,FALSE
SENP5,FALSE
SENP6,FALSE
SENP7,FALSE
SEPHS1,FALSE
SEPSECS,FALSE
SEPTIN10,FALSE
SEPTIN11,FALSE
SEPTIN2,FALSE
SEPTIN4,FALSE
SEPTIN6,FALSE
SEPTIN7,FALSE
SEPTIN7P1,FALSE
SEPTIN7P10,FALSE
SEPTIN7P12,FALSE
SEPTIN7P2,FALSE
SEPTIN8,FALSE
SEPTIN9,FALSE
SERAC1,FALSE
SERBP1,FALSE
SERF2,FALSE
SERGEF,FALSE
SERHL,FALSE
SERINC1,FALSE
SERINC2,FALSE
SERINC3,FALSE
SERINC5,FALSE
SERP1,FALSE
SERPINA1,FALSE
SERPINB1,FALSE
SERPINB2,FALSE
SERPINB6,FALSE
SERPINB8,FALSE
SERPIND1,FALSE
SERPINE1,FALSE
SERPINE3,FALSE
SERTAD1,FALSE
SERTAD2,FALSE
SERTAD2-AS1,FALSE
SERTAD3,FALSE
SERTAD3-AS1,FALSE
SESN1,FALSE
SESN3,FALSE
SESTD1,FALSE
SET,FALSE
SETD1B,FALSE
SETD2,FALSE
SETD3,FALSE
SETD4,FALSE
SETD5,FALSE
SETD7,FALSE
SETD9,FALSE
SETDB1,FALSE
SETDB2,FALSE
SETMAR,FALSE
SETP21,FALSE
SETP22,FALSE
SETX,FALSE
SF1,FALSE
SF3A1,FALSE
SF3A2,FALSE
SF3A3,FALSE
SF3B1,FALSE
SF3B2,FALSE
SF3B3,FALSE
SF3B4,FALSE
SF3B6,FALSE
SFI1,FALSE
SFMBT1,FALSE
SFMBT2,FALSE
SFPQ,FALSE
SFR1,FALSE
SFSWAP,FALSE
SFSWAP-AS1,FALSE
SFT2D1,FALSE
SFT2D2,FALSE
SFXN1,FALSE
SFXN2,FALSE
SFXN3,FALSE
SFXN4,FALSE
SFXN4P1,FALSE
SFXN5,FALSE
SGCE,FALSE
SGF29,FALSE
SGK1,FALSE
SGK3,FALSE
SGMS1,FALSE
SGMS1-AS1,FALSE
SGMS2,FALSE
SGO1,FALSE
SGO2,FALSE
SGPL1,FALSE
SGSH,FALSE
SGSM2,FALSE
SGSM2-AS1,FALSE
SGTA,FALSE
SGTB,FALSE
SH2B1,FALSE
SH2B2,FALSE
SH2B3,FALSE
SH3BGR,FALSE
SH3BGRL,FALSE
SH3BP1,FALSE
SH3BP2,FALSE
SH3BP5,FALSE
SH3BP5-AS1,FALSE
SH3BP5L,FALSE
SH3D21,FALSE
SH3GLB1,FALSE
SH3GLB2,FALSE
SH3KBP1,FALSE
SH3PXD2A,FALSE
SH3RF2,FALSE
SH3TC1,FALSE
SH3YL1,FALSE
SHARPIN,FALSE
SHBG,FALSE
SHC1,FALSE
SHCBP1,FALSE
SHE,FALSE
SHISA4,FALSE
SHISA5,FALSE
SHKBP1,FALSE
SHLD2,FALSE
SHLD3,FALSE
SHMT1,FALSE
SHOC2,FALSE
SHOX2,FALSE
SHPRH,FALSE
SHQ1,FALSE
SHTN1,FALSE
SIAE,FALSE
SIAH2,FALSE
SIDT2,FALSE
SIGLEC1,TRUE
SIGLEC10,FALSE
SIGLEC11,FALSE
SIGLEC14,FALSE
SIGLEC15,FALSE
SIGLEC17P,FALSE
SIGLEC18P,FALSE
SIGLEC7,FALSE
SIGLEC9,FALSE
SIGMAR1,FALSE
SIK2,FALSE
SIK3,FALSE
SIKE1,FALSE
SIL1,FALSE
SIMALR,FALSE
SIN3A,FALSE
SIN3B,FALSE
SIPA1,FALSE
SIPA1L1,FALSE
SIPA1L2,FALSE
SIRPA,FALSE
SIRPB1,FALSE
SIRPB2,FALSE
SIRT1,FALSE
SIRT2,FALSE
SIRT5,FALSE
SIRT6,FALSE
SIRT7,FALSE
SKA2,FALSE
SKA3,FALSE
SKAP2,FALSE
SKI,FALSE
SKIC3,FALSE
SKIC8,FALSE
SKIL,FALSE
SKP1,FALSE
SKP2,FALSE
SLA,FALSE
SLA2,FALSE
SLAIN2,FALSE
SLAMF1,FALSE
SLAMF6,FALSE
SLAMF7,FALSE
SLAMF8,FALSE
SLBP,FALSE
SLC10A3,FALSE
SLC10A7,FALSE
SLC11A1,FALSE
SLC11A2,FALSE
SLC12A2,FALSE
SLC12A2-DT,FALSE
SLC12A4,FALSE
SLC12A5,FALSE
SLC12A5-AS1,FALSE
SLC12A6,FALSE
SLC12A8,FALSE
SLC12A9,FALSE
SLC15A2,FALSE
SLC15A3,FALSE
SLC15A4,FALSE
SLC16A1,FALSE
SLC16A1-AS1,FALSE
SLC16A12,FALSE
SLC16A12-AS1,FALSE
SLC16A3,FALSE
SLC16A4,FALSE
SLC16A5,FALSE
SLC16A6,FALSE
SLC16A7,FALSE
SLC17A5,FALSE
SLC17A9,FALSE
SLC18B1,TRUE
SLC19A2,FALSE
SLC1A2,FALSE
SLC1A3,FALSE
SLC1A3-AS1,FALSE
SLC1A4,FALSE
SLC1A5,FALSE
SLC20A1,FALSE
SLC20A1-DT,FALSE
SLC20A2,FALSE
SLC22A15,FALSE
SLC22A16,FALSE
SLC22A4,FALSE
SLC22A5,FALSE
SLC23A2,FALSE
SLC24A1,FALSE
SLC25A1,FALSE
SLC25A11,FALSE
SLC25A12,FALSE
SLC25A13,FALSE
SLC25A14,FALSE
SLC25A15,FALSE
SLC25A16,FALSE
SLC25A17,FALSE
SLC25A19,FALSE
SLC25A20,FALSE
SLC25A23,FALSE
SLC25A24,FALSE
SLC25A25,FALSE
SLC25A26,FALSE
SLC25A28,FALSE
SLC25A29,FALSE
SLC25A3,FALSE
SLC25A30,FALSE
SLC25A32,FALSE
SLC25A34-AS1,FALSE
SLC25A35,FALSE
SLC25A36,FALSE
SLC25A37,FALSE
SLC25A38,FALSE
SLC25A39,FALSE
SLC25A39P1,FALSE
SLC25A40,FALSE
SLC25A43,FALSE
SLC25A44,FALSE
SLC25A46,FALSE
SLC25A48,FALSE
SLC25A5,FALSE
SLC25A51,FALSE
SLC25A53,FALSE
SLC25A5P8,FALSE
SLC25A6P3,FALSE
SLC26A11,FALSE
SLC26A2,FALSE
SLC26A5,FALSE
SLC27A1,FALSE
SLC27A4,FALSE
SLC28A3,FALSE
SLC28A3-AS1,FALSE
SLC29A1,FALSE
SLC29A3,FALSE
SLC29A4,FALSE
SLC2A1,FALSE
SLC2A13,FALSE
SLC2A14,FALSE
SLC2A3,FALSE
SLC2A3P1,FALSE
SLC2A3P4,FALSE
SLC2A4RG,FALSE
SLC2A5,FALSE
SLC2A8,FALSE
SLC2A9,FALSE
SLC2A9-AS1,FALSE
SLC30A1,FALSE
SLC30A4,FALSE
SLC30A4-AS1,FALSE
SLC30A5,FALSE
SLC30A6,FALSE
SLC30A6P1,FALSE
SLC30A7,FALSE
SLC30A9,FALSE
SLC31A1,FALSE
SLC31A2,FALSE
SLC33A1,FALSE
SLC35A3,FALSE
SLC35A5,FALSE
SLC35B1,FALSE
SLC35B4,FALSE
SLC35C1,FALSE
SLC35C2,FALSE
SLC35D2,FALSE
SLC35E1,FALSE
SLC35E2B,FALSE
SLC35E3,FALSE
SLC35E4,FALSE
SLC35F5,FALSE
SLC35F6,FALSE
SLC35G2,FALSE
SLC35G6,FALSE
SLC35H1,FALSE
SLC36A1,FALSE
SLC36A4,FALSE
SLC37A1,FALSE
SLC37A2,FALSE
SLC37A3,FALSE
SLC38A1,FALSE
SLC38A10,FALSE
SLC38A12,FALSE
SLC38A2,FALSE
SLC38A4-AS1,FALSE
SLC38A6,FALSE
SLC38A7,FALSE
SLC38A9,FALSE
SLC39A10,FALSE
SLC39A11,FALSE
SLC39A13,FALSE
SLC39A13-AS1,FALSE
SLC39A3,FALSE
SLC39A6,FALSE
SLC39A8,FALSE
SLC39A9,FALSE
SLC3A2,FALSE
SLC41A2,FALSE
SLC41A3,FALSE
SLC43A1,FALSE
SLC43A2,FALSE
SLC43A3,FALSE
SLC44A1,FALSE
SLC44A2,FALSE
SLC45A4,FALSE
SLC46A3,FALSE
SLC47A1,FALSE
SLC48A1,FALSE
SLC49A4,FALSE
SLC4A10,FALSE
SLC4A1AP,FALSE
SLC4A2,FALSE
SLC4A7,FALSE
SLC4A8,FALSE
SLC4A8-AS1,FALSE
SLC50A1,FALSE
SLC51A,FALSE
SLC52A2,FALSE
SLC5A10,FALSE
SLC5A3,FALSE
SLC60A2,FALSE
SLC60A2-DT,FALSE
SLC61A1,FALSE
SLC66A1,FALSE
SLC66A2,FALSE
SLC66A3,FALSE
SLC6A12,FALSE
SLC6A12-AS1,FALSE
SLC6A6,FALSE
SLC6A8,FALSE
SLC71A1,FALSE
SLC71A2,FALSE
SLC71A3P,FALSE
SLC7A1,FALSE
SLC7A11,FALSE
SLC7A11-AS1,FALSE
SLC7A7,FALSE
SLC7A8,FALSE
SLC8A1,FALSE
SLC8A1-AS1,FALSE
SLC8B1,FALSE
SLC9A3-AS1,FALSE
SLC9A6,FALSE
SLC9A7,FALSE
SLC9A7P1,FALSE
SLC9A9-AS1,FALSE
SLC9B2,FALSE
SLC9D1,FALSE
SLCO2B1,FALSE
SLCO3A1,FALSE
SLCO4A1,FALSE
SLF1,FALSE
SLF2,FALSE
SLFN11,FALSE
SLFN12,TRUE
SLFN13,FALSE
SLFN5,FALSE
SLIRP,FALSE
SLK,FALSE
SLMAP,FALSE
SLTM,FALSE
SLU7,FALSE
SMAD1,FALSE
SMAD2,FALSE
SMAD4,FALSE
SMAD5,FALSE
SMAD6,FALSE
SMAD7,FALSE
SMANTIS,FALSE
SMAP1,FALSE
SMAP2,FALSE
SMARCA2,FALSE
SMARCA2-AS1,FALSE
SMARCA4,FALSE
SMARCA5,FALSE
SMARCAD1,FALSE
SMARCAL1,FALSE
SMARCC1,FALSE
SMARCC2,FALSE
SMARCD1,FALSE
SMARCE1,FALSE
SMARCE1P1,FALSE
SMC1A,FALSE
SMC2,FALSE
SMC3,FALSE
SMC4,FALSE
SMC5,FALSE
SMC6,FALSE
SMCHD1,FALSE
SMCO4,FALSE
SMCR8,FALSE
SMG1,FALSE
SMG1P7,FALSE
SMG5,FALSE
SMG6,FALSE
SMG7,FALSE
SMG8,FALSE
SMG9,FALSE
SMIM12,FALSE
SMIM13,FALSE
SMIM14,FALSE
SMIM15,FALSE
SMIM19,FALSE
SMIM20,FALSE
SMIM26,FALSE
SMIM27,FALSE
SMIM29-AS1,FALSE
SMIM3,FALSE
SMIM30,FALSE
SMIM39,FALSE
SMIM7,FALSE
SMIM8,FALSE
SMNDC1,FALSE
SMOX,FALSE
SMPD4,FALSE
SMPD4BP,FALSE
SMPDL3A,FALSE
SMS,FALSE
SMUG1,FALSE
SMURF1,FALSE
SMURF2,FALSE
SMYD2,FALSE
SMYD3,FALSE
SMYD4,FALSE
SMYD5,FALSE
SNAI3,FALSE
SNAI3-AS1,FALSE
SNAP23,FALSE
SNAP25-AS1,FALSE
SNAP29,FALSE
SNAP47,FALSE
SNAPC3,FALSE
SNAPC4,FALSE
SNCA,FALSE
SND1,FALSE
SND1-IT1,FALSE
SNED1,FALSE
SNF8,FALSE
SNHG14,FALSE
SNHG15,FALSE
SNHG17,FALSE
SNHG20,FALSE
SNHG21,FALSE
SNHG28,FALSE
SNHG29,FALSE
SNHG3,FALSE
SNHG30,FALSE
SNHG33,FALSE
SNHG4,FALSE
SNHG5,FALSE
SNHG7,FALSE
SNIP1,FALSE
SNN,FALSE
SNORA11B,FALSE
SNORA11F,FALSE
SNORA12,FALSE
SNORA14B,FALSE
SNORA16B,FALSE
SNORA1B,FALSE
SNORA21,FALSE
SNORA22,FALSE
SNORA22B,FALSE
SNORA22C,FALSE
SNORA23,FALSE
SNORA26,FALSE
SNORA2A,FALSE
SNORA2B,FALSE
SNORA30,FALSE
SNORA30B,FALSE
SNORA36C,FALSE
SNORA37,FALSE
SNORA38B,FALSE
SNORA40B,FALSE
SNORA49,FALSE
SNORA50A,FALSE
SNORA59B,FALSE
SNORA63,FALSE
SNORA68,FALSE
SNORA68B,FALSE
SNORA70D,FALSE
SNORA71B,FALSE
SNORA71D,FALSE
SNORA71E,FALSE
SNORA73A,FALSE
SNORA74,FALSE
SNORA74C-1,FALSE
SNORA74C-2,FALSE
SNORA74D,FALSE
SNORA79,FALSE
SNORA7A,FALSE
SNORA9,FALSE
SNORD101,FALSE
SNORD102,FALSE
SNORD105,FALSE
SNORD108,FALSE
SNORD111,FALSE
SNORD111B,FALSE
SNORD116-13,FALSE
SNORD116-20,FALSE
SNORD121A,FALSE
SNORD126,FALSE
SNORD13,FALSE
SNORD138,FALSE
SNORD15A,FALSE
SNORD17,FALSE
SNORD18A,FALSE
SNORD25,FALSE
SNORD32A,FALSE
SNORD38C,FALSE
SNORD38D,FALSE
SNORD3B-1,FALSE
SNORD3B-2,FALSE
SNORD3D,FALSE
SNORD41,FALSE
SNORD43,FALSE
SNORD45C,FALSE
SNORD50B,FALSE
SNORD54,FALSE
SNORD59A,FALSE
SNORD61,FALSE
SNORD62A,FALSE
SNORD63,FALSE
SNORD70B,FALSE
SNORD71,FALSE
SNORD73B,FALSE
SNORD8,FALSE
SNORD82,FALSE
SNORD9,FALSE
SNORD90,FALSE
SNORD92,FALSE
SNORD93,FALSE
SNORD95,FALSE
SNORD98,FALSE
SNRK,FALSE
SNRK-AS1,FALSE
SNRNP200,FALSE
SNRNP27,FALSE
SNRNP35,FALSE
SNRNP40,FALSE
SNRNP48,FALSE
SNRNP70,FALSE
SNRPB,FALSE
SNRPB2,FALSE
SNRPC,FALSE
SNRPD1,FALSE
SNRPD2,FALSE
SNRPD3,FALSE
SNRPE,FALSE
SNRPF,FALSE
SNRPG,FALSE
SNRPGP1,FALSE
SNRPGP14,FALSE
SNRPGP15,FALSE
SNRPGP5,FALSE
SNRPN,FALSE
SNTB1,FALSE
SNTB1-AS2,FALSE
SNTB2,FALSE
SNUPN,FALSE
SNW1,FALSE
SNX1,FALSE
SNX10,FALSE
SNX10-AS1,FALSE
SNX11,FALSE
SNX12,FALSE
SNX13,FALSE
SNX14,FALSE
SNX15,FALSE
SNX16,FALSE
SNX18,FALSE
SNX19,FALSE
SNX19P4,FALSE
SNX2,FALSE
SNX20,FALSE
SNX22,FALSE
SNX24,FALSE
SNX25,FALSE
SNX25P1,FALSE
SNX27,FALSE
SNX29,FALSE
SNX2P1,FALSE
SNX3,FALSE
SNX30,FALSE
SNX32,FALSE
SNX4,FALSE
SNX5,FALSE
SNX6,FALSE
SNX8,FALSE
SNX9,FALSE
SNX9-AS1,FALSE
SOAT1,FALSE
SOCS1,TRUE
SOCS3,FALSE
SOCS4,FALSE
SOCS6,FALSE
SOD1,FALSE
SOD2,FALSE
SON,FALSE
SORBS1,FALSE
SORBS3,FALSE
SORL1,FALSE
SORT1,FALSE
SOS1,FALSE
SOS1-IT1,FALSE
SOS2,FALSE
SOX13,FALSE
SOX7-AS1,FALSE
SP1,FALSE
SP100,FALSE
SP110,TRUE
SP140,FALSE
SP140L,FALSE
SP2,FALSE
SP2-AS1,FALSE
SP3,FALSE
SP4,FALSE
SPA17,FALSE
SPAG1,FALSE
SPAG5,FALSE
SPAG5-AS1,FALSE
SPAG7,FALSE
SPAG9,FALSE
SPARC,FALSE
SPART,FALSE
SPAST,FALSE
SPATA1,FALSE
SPATA12,FALSE
SPATA13,FALSE
SPATA18,FALSE
SPATA20,FALSE
SPATA21,FALSE
SPATA6,FALSE
SPATA7,FALSE
SPATA9,FALSE
SPATS2,FALSE
SPATS2L,FALSE
SPC24,FALSE
SPCS1,FALSE
SPCS2,FALSE
SPCS3,FALSE
SPDL1,FALSE
SPECC1,FALSE
SPECC1L,FALSE
SPEN,FALSE
SPEN-AS1,FALSE
SPG11,FALSE
SPG21,FALSE
SPG7,FALSE
SPI1,FALSE
SPICE1,FALSE
SPIDR,FALSE
SPIN1,FALSE
SPIN3,FALSE
SPINK1,FALSE
SPINK6,FALSE
SPINT1,FALSE
SPINT1-AS1,FALSE
SPIRE1,FALSE
SPMIP2,FALSE
SPN,FALSE
SPNS1,FALSE
SPOCD1,FALSE
SPOP,FALSE
SPOPL,FALSE
SPOUT1,FALSE
SPP1,FALSE
SPPL2A,FALSE
SPPL2B,FALSE
SPPL3,FALSE
SPR,FALSE
SPRED1,FALSE
SPRED2,FALSE
SPRING1,FALSE
SPRN,FALSE
SPRTN,FALSE
SPRY1,FALSE
SPRY2,FALSE
SPRYD3,FALSE
SPSB1,FALSE
SPTAN1,FALSE
SPTBN1,FALSE
SPTBN1-AS2,FALSE
SPTBN2,FALSE
SPTBN5,FALSE
SPTLC1,FALSE
SPTLC2,FALSE
SPTY2D1,FALSE
SQLE,FALSE
SQOR,FALSE
SQSTM1,FALSE
SRA1,FALSE
SRBD1,FALSE
SRC,FALSE
SRCAP,FALSE
SRD5A1,FALSE
SRD5A2P1,FALSE
SRD5A3,FALSE
SRD5A3-AS1,FALSE
SREBF1,FALSE
SREBF2,FALSE
SREK1,FALSE
SREK1IP1,FALSE
SRFBP1,FALSE
SRGAP2,FALSE
SRGAP2C,FALSE
SRGAP3,FALSE
SRGN,FALSE
SRI,FALSE
SRI-AS1,FALSE
SRM,FALSE
SRMP3,FALSE
SRP14P3,FALSE
SRP14P5,FALSE
SRP19,FALSE
SRP54,FALSE
SRP68,FALSE
SRP72,FALSE
SRP9,FALSE
SRP9P1,FALSE
SRPK1,FALSE
SRPK2,FALSE
SRPRB,FALSE
SRPX2,FALSE
SRRD,FALSE
SRRM1,FALSE
SRRM2,FALSE
SRRT,FALSE
SRSF1,FALSE
SRSF10,FALSE
SRSF11,FALSE
SRSF3,FALSE
SRSF4,FALSE
SRSF5,FALSE
SRSF6,FALSE
SRSF7,FALSE
SRSF8,FALSE
SS18,FALSE
SS18L1,FALSE
SS18L2,FALSE
SSB,FALSE
SSBP2,FALSE
SSH1,FALSE
SSH2,FALSE
SSH3,FALSE
SSNA1,FALSE
SSPN,FALSE
SSPN-AS1,FALSE
SSR1,FALSE
SSR2,FALSE
SSR3,FALSE
SSR4,FALSE
SSRP1,FALSE
SSTR2,FALSE
SSU72,FALSE
ST13,FALSE
ST14,FALSE
ST18,FALSE
ST20-AS1,FALSE
ST20-MTHFS,FALSE
ST3GAL1,FALSE
ST3GAL2,FALSE
ST3GAL3,FALSE
ST3GAL4,FALSE
ST3GAL5,FALSE
ST3GAL5-AS1,FALSE
ST3GAL6,FALSE
ST3GAL6-AS1,FALSE
ST6GAL1,FALSE
ST6GALNAC4,FALSE
ST6GALNAC6,FALSE
ST7,FALSE
ST7-AS2,FALSE
ST7L,FALSE
ST8SIA1,FALSE
ST8SIA4,FALSE
STAB1,FALSE
STAC,FALSE
STAC3,FALSE
STAG1,FALSE
STAG2,FALSE
STAG3,FALSE
STAG3L4,FALSE
STAG3L5P-PVRIG2P-PILRB,FALSE
STAM,FALSE
STAM2,FALSE
STAMBP,FALSE
STARD10,FALSE
STARD3,FALSE
STARD3NL,FALSE
STARD4,FALSE
STARD4-AS1,FALSE
STARD5,FALSE
STARD7,FALSE
STARD7-AS1,FALSE
STAT1,FALSE
STAT2,FALSE
STAT3,FALSE
STAT4,FALSE
STAT4-AS1,FALSE
STAT5A,FALSE
STAT5B,FALSE
STAT6,FALSE
STAU1,FALSE
STAU2,FALSE
STEAP1B,FALSE
STEEP1,FALSE
STIL,FALSE
STIM1,FALSE
STIM2,FALSE
STIM2-AS1,FALSE
STIMATE,FALSE
STIMATE-MUSTN1,FALSE
STING1,FALSE
STIP1,FALSE
STK10,FALSE
STK11,FALSE
STK11IP,FALSE
STK16,FALSE
STK17A,FALSE
STK17B,FALSE
STK24,FALSE
STK25,FALSE
STK26,FALSE
STK3,FALSE
STK32C,FALSE
STK36,FALSE
STK38L,FALSE
STK4,FALSE
STK40,FALSE
STMN1,FALSE
STMP1,FALSE
STN1,FALSE
STOM,FALSE
STOML1,FALSE
STOML2,FALSE
STON2,FALSE
STRADA,FALSE
STRADB,FALSE
STRAP,FALSE
STRBP,FALSE
STRIP1,FALSE
STRIP2,FALSE
STRN,FALSE
STRN3,FALSE
STRN4,FALSE
STT3A,FALSE
STT3B,FALSE
STX11,FALSE
STX12,FALSE
STX16-NPEPL1,FALSE
STX17,FALSE
STX18,FALSE
STX18-AS1,FALSE
STX18-IT1,FALSE
STX19,FALSE
STX2,FALSE
STX3,FALSE
STX4,FALSE
STX5,FALSE
STX6,FALSE
STX7,FALSE
STX8,FALSE
STXBP1,FALSE
STXBP2,FALSE
STXBP3,FALSE
STXBP5,FALSE
STXBP5-AS1,FALSE
STYXL1,FALSE
SUB1,FALSE
SUCLA2,FALSE
SUCLG1,FALSE
SUCO,FALSE
SUDS3,FALSE
SUGCT-AS1,FALSE
SUGP1,FALSE
SUGP2,FALSE
SUGT1,FALSE
SUGT1P2,FALSE
SUGT1P3,FALSE
SULF2,FALSE
SULT1C2,FALSE
SULT1C5P,FALSE
SUMF1,FALSE
SUMF2,FALSE
SUMO1,FALSE
SUMO1P3,FALSE
SUMO2,FALSE
SUMO2P10,FALSE
SUMO3,FALSE
SUMO4,FALSE
SUN1,FALSE
SUN2,FALSE
SUPT16H,FALSE
SUPT20H,FALSE
SUPT4H1,FALSE
SUPT5H,FALSE
SUPT6H,FALSE
SUPT7L,FALSE
SUPV3L1,FALSE
SURF1,FALSE
SURF2,FALSE
SURF4,FALSE
SURF6,FALSE
SUSD1,FALSE
SUSD6,FALSE
SUV39H1,FALSE
SUV39H2-DT,FALSE
SUZ12,FALSE
SUZ12P1,FALSE
SVBP,FALSE
SVIL,FALSE
SVIL-AS1,FALSE
SVIP,FALSE
SWAP70,FALSE
SWI5,FALSE
SWT1,FALSE
SYAP1,FALSE
SYF2,FALSE
SYK,FALSE
SYMPK,FALSE
SYN2,FALSE
SYNC,FALSE
SYNCRIP,FALSE
SYNE1,FALSE
SYNE3,FALSE
SYNGR1,FALSE
SYNJ1,FALSE
SYNJ2,FALSE
SYNJ2BP,FALSE
SYNJ2BP-COX16,FALSE
SYP,FALSE
SYPL1,FALSE
SYPL1P2,FALSE
SYS1,FALSE
SYT9,FALSE
SYT9-AS1,FALSE
SYTL1,FALSE
SYTL2,FALSE
SYTL3,FALSE
SYVN1,FALSE
SZRD1,FALSE
SZT2,FALSE
TAB1,FALSE
TAB2,FALSE
TAB3,FALSE
TAB3-AS2,FALSE
TACC1,FALSE
TACC3,FALSE
TACSTD2,FALSE
TADA3,FALSE
TAF1,FALSE
TAF12,FALSE
TAF12-DT,FALSE
TAF13,FALSE
TAF1A,FALSE
TAF1B,FALSE
TAF1D,FALSE
TAF2,FALSE
TAF4B,FALSE
TAF5L,FALSE
TAF6L,FALSE
TAF7,FALSE
TAF8,FALSE
TAF9BP1,FALSE
TAFAZZIN,FALSE
TAGAP,FALSE
TAGAP-AS1,FALSE
TAGLN2,FALSE
TAGLN2P1,FALSE
TALAM1,FALSE
TALDO1,FALSE
TAMALIN,FALSE
TAMM41,FALSE
TANC2,FALSE
TANGO2,FALSE
TANGO6,FALSE
TANK,FALSE
TAOK1,FALSE
TAOK2,FALSE
TAOK3,FALSE
TAPBPL,FALSE
TAPT1,FALSE
TARBP1,FALSE
TARDBP,FALSE
TARS1,FALSE
TARS2,FALSE
TAS1R1,FALSE
TASL,FALSE
TASOR,FALSE
TASOR2,FALSE
TASP1,FALSE
TATDN1,FALSE
TATDN1P1,FALSE
TATDN2,FALSE
TATDN2P2,FALSE
TATDN3,FALSE
TAX1BP1,FALSE
TBC1D1,FALSE
TBC1D10A,FALSE
TBC1D10C,FALSE
TBC1D12,FALSE
TBC1D13,FALSE
TBC1D14,FALSE
TBC1D15,FALSE
TBC1D16,FALSE
TBC1D17,FALSE
TBC1D19,FALSE
TBC1D2,FALSE
TBC1D20,FALSE
TBC1D22A,FALSE
TBC1D22A-AS1,FALSE
TBC1D23,FALSE
TBC1D25,FALSE
TBC1D2B,FALSE
TBC1D30,FALSE
TBC1D31,FALSE
TBC1D4,FALSE
TBC1D5,FALSE
TBC1D7,FALSE
TBC1D8,FALSE
TBC1D9,FALSE
TBC1D9B,FALSE
TBCA,FALSE
TBCCD1,FALSE
TBCD,FALSE
TBCE,FALSE
TBCEL,FALSE
TBCK,FALSE
TBK1,FALSE
TBKBP1,FALSE
TBL1X,FALSE
TBL1XR1,FALSE
TBL3,FALSE
TBP,FALSE
TBPL1,FALSE
TBPL1P1,FALSE
TBRG1,FALSE
TBRG4,FALSE
TBXAS1,FALSE
TCAF1,FALSE
TCAIM,FALSE
TCEA1,FALSE
TCEA1P2,FALSE
TCEA2,FALSE
TCEAL3,FALSE
TCEAL4,FALSE
TCEAL8,FALSE
TCEAL9,FALSE
TCEANC2,FALSE
TCERG1,FALSE
TCF12,FALSE
TCF25,FALSE
TCF4,TRUE
TCF7L2,FALSE
TCHP,FALSE
TCN1,FALSE
TCN2,FALSE
TCOF1,FALSE
TCP1,FALSE
TCP11L1,FALSE
TCP11L2,FALSE
TCTN1,FALSE
TCTN2,FALSE
TCTN3,FALSE
TDG,FALSE
TDP1,FALSE
TDP2,FALSE
TDRD3,FALSE
TDRD6,FALSE
TDRD7,TRUE
TDRD9,FALSE
TEAD2,FALSE
TEC,FALSE
TECPR1,FALSE
TECPR2,FALSE
TECR,FALSE
TECRP1,FALSE
TEFM,FALSE
TEN1,FALSE
TENT2,FALSE
TENT4A,FALSE
TENT5A,FALSE
TEP1,FALSE
TEPSIN,FALSE
TEPSIN-AS1,FALSE
TERF1,FALSE
TERF2,FALSE
TERF2IP,FALSE
TES,FALSE
TESC,FALSE
TET2,FALSE
TET2-AS1,FALSE
TET3,FALSE
TEX10,FALSE
TEX2,FALSE
TEX22,FALSE
TEX261,FALSE
TEX264,FALSE
TEX30,FALSE
TEX41,FALSE
TEX56P,FALSE
TFAM,FALSE
TFB1M,FALSE
TFCP2,FALSE
TFDP1,FALSE
TFDP2,FALSE
TFE3,FALSE
TFEC,FALSE
TFG,FALSE
TFIP11,FALSE
TFPI,FALSE
TFRC,FALSE
TGDS,FALSE
TGFA,FALSE
TGFB1,FALSE
TGFBI,FALSE
TGFBR1,FALSE
TGFBR2,FALSE
TGFBRAP1,FALSE
TGIF1,FALSE
TGIF2,FALSE
TGIF2-RAB5IF,FALSE
TGM2,FALSE
TGOLN2,FALSE
TGS1,FALSE
TH2LCRR,FALSE
THADA,FALSE
THAP1,FALSE
THAP12,FALSE
THAP3,FALSE
THAP5,FALSE
THAP5P2,FALSE
THAP6,FALSE
THAP8,FALSE
THAP9-AS1,FALSE
THBS1,FALSE
THBS3,FALSE
THBS3-AS1,FALSE
THEM4,FALSE
THEMIS2,FALSE
THG1L,FALSE
THOC1,FALSE
THOC2,FALSE
THOC3,FALSE
THOC5,FALSE
THOC7,FALSE
THOP1,FALSE
THRA,FALSE
THRAP3,FALSE
THRB-AS2,FALSE
THRIL,FALSE
THRSP,FALSE
THUMPD1,FALSE
THUMPD2,FALSE
THUMPD3,FALSE
THUMPD3-AS1,FALSE
TIA1,FALSE
TIAL1,FALSE
TIAM1,FALSE
TIAM2,FALSE
TICAM2,FALSE
TICAM2-AS1,FALSE
TIE1,FALSE
TIFA,FALSE
TIGAR,FALSE
TIGD6,FALSE
TIGD7,FALSE
TIMD4,FALSE
TIMELESS,FALSE
TIMM10,FALSE
TIMM10B,FALSE
TIMM13,FALSE
TIMM17A,FALSE
TIMM17B,FALSE
TIMM21,FALSE
TIMM23,FALSE
TIMM23B,FALSE
TIMM29,FALSE
TIMM44,FALSE
TIMM50,FALSE
TIMM9P1,FALSE
TIMM9P2,FALSE
TIMMDC1,FALSE
TIMP1,FALSE
TIMP2,FALSE
TIMP4,FALSE
TINF2,FALSE
TIPARP,FALSE
TIPIN,FALSE
TIPRL,FALSE
TIRAP,FALSE
TJAP1,FALSE
TJP2,FALSE
TK2,FALSE
TKFC,FALSE
TKT,FALSE
TLE1,FALSE
TLE3,FALSE
TLE4,FALSE
TLE5,FALSE
TLK1,FALSE
TLK2,FALSE
TLL2,FALSE
TLN1,FALSE
TLN2,FALSE
TLR1,FALSE
TLR2,FALSE
TLR4,FALSE
TLR6,FALSE
TLR8,FALSE
TM2D1,FALSE
TM2D2,FALSE
TM2D3,FALSE
TM4SF1,FALSE
TM4SF19,FALSE
TM4SF19-AS1,FALSE
TM4SF19-DYNLT2B,FALSE
TM6SF1,FALSE
TM7SF3,FALSE
TM7SF3-AS1,FALSE
TM9SF1,FALSE
TM9SF2,FALSE
TM9SF3,FALSE
TM9SF4,FALSE
TMA16,FALSE
TMA16P2,FALSE
TMA7,FALSE
TMBIM1,FALSE
TMBIM4,FALSE
TMBIM6,FALSE
TMC6,FALSE
TMC8,FALSE
TMCC1,FALSE
TMCC1-DT,FALSE
TMCC3,FALSE
TMCO1,FALSE
TMCO3,FALSE
TMCO4,FALSE
TMED10,FALSE
TMED2,FALSE
TMED3,FALSE
TMED4,FALSE
TMED5,FALSE
TMED6,FALSE
TMED7,FALSE
TMED7-TICAM2,FALSE
TMED9,FALSE
TMEM101,FALSE
TMEM104,FALSE
TMEM106A,FALSE
TMEM106B,FALSE
TMEM106C,FALSE
TMEM107,FALSE
TMEM109,FALSE
TMEM11,FALSE
TMEM117,FALSE
TMEM120B,FALSE
TMEM123,FALSE
TMEM123-DT,FALSE
TMEM126B,FALSE
TMEM127,FALSE
TMEM131,FALSE
TMEM131L,FALSE
TMEM134,FALSE
TMEM135,FALSE
TMEM138,FALSE
TMEM140,FALSE
TMEM141,FALSE
TMEM144,FALSE
TMEM147-AS1,FALSE
TMEM14B,FALSE
TMEM14C,FALSE
TMEM14EP,FALSE
TMEM150B,FALSE
TMEM151B,FALSE
TMEM158,FALSE
TMEM161A,FALSE
TMEM161B,FALSE
TMEM161B-DT,FALSE
TMEM163,FALSE
TMEM164,FALSE
TMEM165,FALSE
TMEM167A,FALSE
TMEM167B,FALSE
TMEM168,FALSE
TMEM170A,FALSE
TMEM175,FALSE
TMEM176A,FALSE
TMEM176B,FALSE
TMEM177,FALSE
TMEM18,FALSE
TMEM183A,FALSE
TMEM184A,FALSE
TMEM184B,FALSE
TMEM184C,FALSE
TMEM185A,FALSE
TMEM185B,FALSE
TMEM186,FALSE
TMEM19,FALSE
TMEM192,FALSE
TMEM198B,FALSE
TMEM205,FALSE
TMEM209,FALSE
TMEM214,FALSE
TMEM217,FALSE
TMEM218,FALSE
TMEM219,FALSE
TMEM222,FALSE
TMEM230,FALSE
TMEM236,FALSE
TMEM237,FALSE
TMEM241,FALSE
TMEM242,FALSE
TMEM243,FALSE
TMEM245,FALSE
TMEM248,FALSE
TMEM255A,FALSE
TMEM256,FALSE
TMEM260,FALSE
TMEM263,FALSE
TMEM266,FALSE
TMEM267,FALSE
TMEM268,FALSE
TMEM273,FALSE
TMEM30A,FALSE
TMEM30A-DT,FALSE
TMEM30BP1,FALSE
TMEM33,FALSE
TMEM38A,FALSE
TMEM38B,FALSE
TMEM39A,FALSE
TMEM41A,FALSE
TMEM41B,FALSE
TMEM43,FALSE
TMEM44,FALSE
TMEM44-AS1,FALSE
TMEM45B,FALSE
TMEM50A,FALSE
TMEM51,FALSE
TMEM51-AS2,FALSE
TMEM52B,FALSE
TMEM53,FALSE
TMEM54,FALSE
TMEM59,FALSE
TMEM62,FALSE
TMEM63A,FALSE
TMEM63B,FALSE
TMEM64,FALSE
TMEM65,FALSE
TMEM67,FALSE
TMEM68,FALSE
TMEM69,FALSE
TMEM70,FALSE
TMEM72-AS1,FALSE
TMEM80,FALSE
TMEM86A,FALSE
TMEM87A,FALSE
TMEM87B,FALSE
TMEM94,FALSE
TMEM9B,FALSE
TMEM9B-AS1,FALSE
TMF1,FALSE
TMIGD3,FALSE
TMLHE,FALSE
TMLHE-AS1,FALSE
TMOD1,FALSE
TMOD3,FALSE
TMPO,FALSE
TMPPE,FALSE
TMPRSS2,FALSE
TMSB10,FALSE
TMSB4X,FALSE
TMSB4XP1,FALSE
TMSB4XP2,FALSE
TMSB4XP8,FALSE
TMT1A,FALSE
TMTC1,FALSE
TMTC2,FALSE
TMTC3,FALSE
TMUB1,FALSE
TMX1,FALSE
TMX1P1,FALSE
TMX2,FALSE
TMX2P1,FALSE
TMX3,FALSE
TMX4,FALSE
TNC,FALSE
TNFAIP1,FALSE
TNFAIP2,FALSE
TNFAIP3,FALSE
TNFAIP6,TRUE
TNFAIP8,FALSE
TNFAIP8L2,FALSE
TNFAIP8L3,FALSE
TNFRSF10A,FALSE
TNFRSF10A-AS1,FALSE
TNFRSF10A-DT,FALSE
TNFRSF10B,FALSE
TNFRSF10C,FALSE
TNFRSF11A,FALSE
TNFRSF1A,FALSE
TNFRSF1B,FALSE
TNFRSF21,FALSE
TNFRSF9,FALSE
TNFSF10,TRUE
TNFSF12,FALSE
TNFSF13B,TRUE
TNFSF14,FALSE
TNFSF15,FALSE
TNFSF8,FALSE
TNIK,FALSE
TNIP1,FALSE
TNIP2,FALSE
TNIP3,FALSE
TNK2,FALSE
TNKS,FALSE
TNKS1BP1,FALSE
TNNI2,FALSE
TNNT1,FALSE
TNPO1,FALSE
TNPO1P1,FALSE
TNPO2,FALSE
TNPO3,FALSE
TNRC18,FALSE
TNRC18P1,FALSE
TNRC6A,FALSE
TNRC6B,FALSE
TNRC6C,FALSE
TNS1,FALSE
TNS1-AS1,FALSE
TNS2,FALSE
TNS2-AS1,FALSE
TNS3,FALSE
TOB1,FALSE
TOB2,FALSE
TOE1,FALSE
TOGARAM1,FALSE
TOLLIP,FALSE
TOM1,FALSE
TOM1L1,FALSE
TOM1L2,FALSE
TOMM20,FALSE
TOMM20P2,FALSE
TOMM40,FALSE
TOMM5,FALSE
TOMM7,FALSE
TOMM70,FALSE
TOP1,FALSE
TOP1MT,FALSE
TOP2A,FALSE
TOP2B,FALSE
TOP3A,FALSE
TOP3B,FALSE
TOP6BL,FALSE
TOPBP1,FALSE
TOPORS,FALSE
TOR1A,FALSE
TOR1AIP1,FALSE
TOR1AIP2,FALSE
TOR1B,TRUE
TOR3A,FALSE
TOX4,FALSE
TP53,FALSE
TP53BP1,FALSE
TP53BP2,FALSE
TP53I13,FALSE
TP53I3,FALSE
TP53RK,FALSE
TP53TG1,FALSE
TPCN1,FALSE
TPCN2,FALSE
TPD52,FALSE
TPD52L1,FALSE
TPD52L2,FALSE
TPGS2,FALSE
TPK1,FALSE
TPM1,FALSE
TPM2,FALSE
TPM3,FALSE
TPM3P9,FALSE
TPM4,FALSE
TPMTP2,FALSE
TPP2,FALSE
TPR,FALSE
TPRA1,FALSE
TPRG1,FALSE
TPRG1-AS1,FALSE
TPRG1-AS2,FALSE
TPRKB,FALSE
TPRKBP2,FALSE
TPRN,FALSE
TPST1,FALSE
TPST2,FALSE
TPT1,FALSE
TPT1-AS1,FALSE
TPT1P10,FALSE
TPT1P4,FALSE
TPT1P6,FALSE
TRA2A,FALSE
TRA2B,FALSE
TRABD,FALSE
TRABD2A,FALSE
TRADD,FALSE
TRAF1,FALSE
TRAF2,FALSE
TRAF3,FALSE
TRAF3IP2,FALSE
TRAF3IP2-AS1,FALSE
TRAF3IP3,FALSE
TRAF5,FALSE
TRAF6,FALSE
TRAF7,FALSE
TRAFD1,TRUE
TRAIP,FALSE
TRAJ10,FALSE
TRAK1,FALSE
TRAK2,FALSE
TRAM1,FALSE
TRANK1,TRUE
TRAP1,FALSE
TRAPPC1,FALSE
TRAPPC10,FALSE
TRAPPC11,FALSE
TRAPPC13,FALSE
TRAPPC14,FALSE
TRAPPC2,FALSE
TRAPPC3,FALSE
TRAPPC4,FALSE
TRAPPC6A,FALSE
TRAPPC8,FALSE
TRAPPC9,FALSE
TRDMT1,FALSE
TREH,FALSE
TREM1,FALSE
TREM2,FALSE
TREML1,FALSE
TRG-AS1,FALSE
TRGJ2,FALSE
TRGJP2,FALSE
TRIAP1,FALSE
TRIB1,FALSE
TRIB3,FALSE
TRIM11-AS1,FALSE
TRIM13,FALSE
TRIM14,FALSE
TRIM16,FALSE
TRIM17,FALSE
TRIM22,TRUE
TRIM23,FALSE
TRIM24,FALSE
TRIM25,FALSE
TRIM28,FALSE
TRIM3,FALSE
TRIM33,FALSE
TRIM34,FALSE
TRIM35,FALSE
TRIM36,FALSE
TRIM37,FALSE
TRIM4,FALSE
TRIM44,FALSE
TRIM46,FALSE
TRIM5,TRUE
TRIM52,FALSE
TRIM52-AS1,FALSE
TRIM56,FALSE
TRIM59,FALSE
TRIM60P18,FALSE
TRIM65,FALSE
TRIM66,FALSE
TRIM68,FALSE
TRIM8,FALSE
TRIO,FALSE
TRIOBP,FALSE
TRIP10,FALSE
TRIP11,FALSE
TRIP12,FALSE
TRIP13,FALSE
TRIP4,FALSE
TRIQK,FALSE
TRIR,FALSE
TRIT1,FALSE
TRMO,FALSE
TRMT10A,FALSE
TRMT10B,FALSE
TRMT10C,FALSE
TRMT11,FALSE
TRMT12,FALSE
TRMT13,FALSE
TRMT1L,FALSE
TRMT2B,FALSE
TRMT2B-AS1,FALSE
TRMT44,FALSE
TRMT5,FALSE
TRMT6,FALSE
TRMT61B,FALSE
TRMU,FALSE
TRNAU1AP,FALSE
TRNP1,FALSE
TRNT1,FALSE
TRNT1P2,FALSE
TROAP,FALSE
TRPA1,FALSE
TRPM2,FALSE
TRPM4,FALSE
TRPM7,FALSE
TRPS1,FALSE
TRPS1-AS1,FALSE
TRPV1,FALSE
TRPV2,FALSE
TRPV4,FALSE
TRRAP,FALSE
TRUB1,FALSE
TRUB2,FALSE
TSC1,FALSE
TSC2,FALSE
TSC22D1,FALSE
TSC22D2,FALSE
TSC22D4,FALSE
TSEN15,FALSE
TSEN15P2,FALSE
TSEN2,FALSE
TSFM,FALSE
TSG101,FALSE
TSKU,FALSE
TSN,FALSE
TSNAX,FALSE
TSNAX-DT,FALSE
TSPAN13,FALSE
TSPAN14,FALSE
TSPAN15,FALSE
TSPAN17,FALSE
TSPAN3,FALSE
TSPAN32,FALSE
TSPAN33,FALSE
TSPO,FALSE
TSPOAP1,FALSE
TSPOAP1-AS1,FALSE
TSR1,FALSE
TSR3,FALSE
TSSK6,FALSE
TST,FALSE
TSTD2,FALSE
TSTD3,FALSE
TTBK2-AS1,FALSE
TTC1,FALSE
TTC12,FALSE
TTC13,FALSE
TTC14,FALSE
TTC17,FALSE
TTC19,FALSE
TTC21A,FALSE
TTC21B,FALSE
TTC21B-AS1,FALSE
TTC23,FALSE
TTC27,FALSE
TTC28,FALSE
TTC28-AS1,FALSE
TTC3,FALSE
TTC31,FALSE
TTC32,FALSE
TTC33,FALSE
TTC38,FALSE
TTC39B,FALSE
TTC39C,FALSE
TTC4,FALSE
TTC5,FALSE
TTC7A,FALSE
TTC7B,FALSE
TTC7B-AS1,FALSE
TTC7B-AS2,FALSE
TTC8,FALSE
TTC9C,FALSE
TTF1,FALSE
TTF2,FALSE
TTI1,FALSE
TTI2,FALSE
TTK,FALSE
TTL,FALSE
TTLL12,FALSE
TTLL3,FALSE
TTLL4,FALSE
TTLL5,FALSE
TTN-AS1,FALSE
TTPAL,FALSE
TTTY14,FALSE
TTYH2,FALSE
TTYH3,FALSE
TUBA1A,FALSE
TUBA1B-AS1,FALSE
TUBA1C,FALSE
TUBA8,FALSE
TUBB2A,FALSE
TUBB4BP2,FALSE
TUBB6,FALSE
TUBB8P1,FALSE
TUBE1,FALSE
TUBG1,FALSE
TUBGCP2,FALSE
TUBGCP3,FALSE
TUBGCP4,FALSE
TUBGCP6,FALSE
TUFM,FALSE
TUG1,FALSE
TULP3,FALSE
TULP4,FALSE
TUSC2,FALSE
TUT1,FALSE
TUT4,FALSE
TUT7,FALSE
TVP23A,FALSE
TVP23B,FALSE
TVP23C-CDRT4,FALSE
TWF1,FALSE
TWF1P2,FALSE
TWF2,FALSE
TWNK,FALSE
TWSG1,FALSE
TXK,FALSE
TXLNGY,FALSE
TXN,FALSE
TXN2,FALSE
TXNDC11,FALSE
TXNDC12,FALSE
TXNDC12-AS1,FALSE
TXNDC15,FALSE
TXNDC16,FALSE
TXNDC5,FALSE
TXNDC9,FALSE
TXNIP,FALSE
TXNL1,FALSE
TXNL4A,FALSE
TXNL4B,FALSE
TXNP4,FALSE
TXNP5,FALSE
TXNP6,FALSE
TXNRD1,FALSE
TXNRD2,FALSE
TYK2,FALSE
TYMS,FALSE
TYRO3,FALSE
TYRO3P,FALSE
TYW1,FALSE
TYW3,FALSE
TYW5,FALSE
U2AF1,FALSE
U2AF2,FALSE
U2SURP,FALSE
U2SURPP1,FALSE
U4,FALSE
UACA,FALSE
UAP1,FALSE
UAP1L1,FALSE
UBA1,FALSE
UBA2,FALSE
UBA3,FALSE
UBA5,FALSE
UBA52,FALSE
UBA52P5,FALSE
UBA52P8,FALSE
UBA6,FALSE
UBA6-DT,FALSE
UBA7,FALSE
UBAC1,FALSE
UBAC2,FALSE
UBALD1,FALSE
UBALD2,FALSE
UBAP2,FALSE
UBAP2L,FALSE
UBASH3B,FALSE
UBE2A,FALSE
UBE2B,FALSE
UBE2C,FALSE
UBE2CP1,FALSE
UBE2D1,FALSE
UBE2D2,FALSE
UBE2D3,FALSE
UBE2D3P1,FALSE
UBE2D3P2,FALSE
UBE2D3P3,FALSE
UBE2E1,FALSE
UBE2E2,FALSE
UBE2E3,FALSE
UBE2F,FALSE
UBE2G1,FALSE
UBE2G2,FALSE
UBE2H,FALSE
UBE2J1,FALSE
UBE2J2,FALSE
UBE2K,FALSE
UBE2L3,FALSE
UBE2L4,FALSE
UBE2L6,TRUE
UBE2M,FALSE
UBE2MP1,FALSE
UBE2O,FALSE
UBE2Q1,FALSE
UBE2Q1-AS1,FALSE
UBE2Q2,FALSE
UBE2S,FALSE
UBE2T,FALSE
UBE2V1,FALSE
UBE2V1P1,FALSE
UBE2V2,FALSE
UBE2V2P3,FALSE
UBE2V2P4,FALSE
UBE2W,FALSE
UBE2Z,FALSE
UBE3A,FALSE
UBE3B,FALSE
UBE3C,FALSE
UBE3D,FALSE
UBE4A,FALSE
UBE4B,FALSE
UBFD1,FALSE
UBL3,FALSE
UBL5,FALSE
UBL7,FALSE
UBLCP1,FALSE
UBN1,FALSE
UBN2,FALSE
UBOX5,FALSE
UBOX5-AS1,FALSE
UBP1,FALSE
UBQLN1,FALSE
UBQLN4,FALSE
UBR1,FALSE
UBR2,FALSE
UBR3,FALSE
UBR4,FALSE
UBR5,FALSE
UBR5-DT,FALSE
UBTD2,FALSE
UBTD2P1,FALSE
UBTF,FALSE
UBXN11,FALSE
UBXN2A,FALSE
UBXN2B,FALSE
UBXN4,FALSE
UBXN7,FALSE
UBXN8,FALSE
UCHL1,FALSE
UCHL3,FALSE
UCHL5,FALSE
UCK2,FALSE
UCKL1,FALSE
UCN,FALSE
UCP2,FALSE
UEVLD,FALSE
UFC1,FALSE
UFD1,FALSE
UFL1,FALSE
UFL1-AS1,FALSE
UFM1,FALSE
UGCG,FALSE
UGDH,FALSE
UGDH-AS1,FALSE
UGGT1,FALSE
UGGT2,FALSE
UGP2,FALSE
UHMK1,FALSE
UHRF2,FALSE
UIMC1,FALSE
ULK1,FALSE
ULK2,FALSE
ULK4,FALSE
UMAD1,FALSE
UMLILO,FALSE
UMPS,FALSE
UNC119,FALSE
UNC119B,FALSE
UNC13B,FALSE
UNC13D,FALSE
UNC45A,FALSE
UNC5A,FALSE
UNC93B1,FALSE
UNG,FALSE
UNK,FALSE
UPF1,FALSE
UPF2,FALSE
UPF3A,FALSE
UPF3AP3,FALSE
UPF3B,FALSE
UPK3BL3P,FALSE
UPP1,FALSE
UPRT,FALSE
UQCC1,FALSE
UQCC2,FALSE
UQCC3,FALSE
UQCC5,FALSE
UQCR10,FALSE
UQCR11,FALSE
UQCRB,FALSE
UQCRBP1,FALSE
UQCRC1,FALSE
UQCRC2,FALSE
UQCRFS1,FALSE
UQCRH,FALSE
UQCRHL,FALSE
UQCRQ,FALSE
URB2,FALSE
URGCP,FALSE
URI1,FALSE
URM1,FALSE
UROD,FALSE
UROS,FALSE
USB1,FALSE
USF1,FALSE
USF1P1,FALSE
USF2,FALSE
USO1,FALSE
USP1,FALSE
USP10,FALSE
USP11,FALSE
USP12,FALSE
USP12-AS1,FALSE
USP13,FALSE
USP14,FALSE
USP15,FALSE
USP16,FALSE
USP19,FALSE
USP2,FALSE
USP2-AS1,FALSE
USP20,FALSE
USP21,FALSE
USP22,FALSE
USP24,FALSE
USP25,FALSE
USP28,FALSE
USP3,FALSE
USP3-AS1,FALSE
USP30,FALSE
USP31,FALSE
USP32,FALSE
USP32P1,FALSE
USP33,FALSE
USP34,FALSE
USP34-DT,FALSE
USP36,FALSE
USP37,FALSE
USP38,FALSE
USP39,FALSE
USP4,FALSE
USP40,FALSE
USP42,FALSE
USP45,FALSE
USP46,FALSE
USP47,FALSE
USP48,FALSE
USP49,FALSE
USP5,FALSE
USP50,FALSE
USP53,FALSE
USP54,FALSE
USP6NL,FALSE
USP7,FALSE
USP8,FALSE
USP8P1,FALSE
USP9X,FALSE
USP9Y,FALSE
USPL1,FALSE
UST,FALSE
UTP11,FALSE
UTP14A,FALSE
UTP15,FALSE
UTP18,FALSE
UTP20,FALSE
UTP23,FALSE
UTP25,FALSE
UTP3,FALSE
UTP4,FALSE
UTP6,FALSE
UTRN,FALSE
UTS2,FALSE
UTY,FALSE
UVRAG,FALSE
UVSSA,FALSE
UXS1,FALSE
UXT,FALSE
VAC14,FALSE
VAC14-AS1,FALSE
VAMP2,FALSE
VAMP3,FALSE
VAMP4,FALSE
VAMP5,TRUE
VAMP8,FALSE
VAPA,FALSE
VAPB,FALSE
VASP,FALSE
VAV1,FALSE
VAV3,FALSE
VBP1,FALSE
VCAN,FALSE
VCAN-AS1,FALSE
VCF1,FALSE
VCF2,FALSE
VCL,FALSE
VCP,FALSE
VCPKMT,FALSE
VDAC1,FALSE
VDAC2,FALSE
VDAC3,FALSE
VDR,FALSE
VEGFA,FALSE
VENTXP6,FALSE
VEZF1,FALSE
VEZT,FALSE
VGLL4,FALSE
VHL,FALSE
VIL1,FALSE
VILL,FALSE
VIM,FALSE
VIM-AS1,FALSE
VIPAS39,FALSE
VIRMA,FALSE
VIT,FALSE
VKORC1L1,FALSE
VMP1,FALSE
VN1R81P,FALSE
VN1R82P,FALSE
VN1R83P,FALSE
VNN2,FALSE
VOPP1,FALSE
VPS11,FALSE
VPS13A,FALSE
VPS13B,FALSE
VPS13C,FALSE
VPS13D,FALSE
VPS16,FALSE
VPS18,FALSE
VPS25,FALSE
VPS26A,FALSE
VPS26B,FALSE
VPS26BP1,FALSE
VPS26C,FALSE
VPS28,FALSE
VPS29,FALSE
VPS33A,FALSE
VPS33B,FALSE
VPS35,FALSE
VPS35L,FALSE
VPS36,FALSE
VPS37A,FALSE
VPS37C,FALSE
VPS39,FALSE
VPS39-DT,FALSE
VPS41,FALSE
VPS45,FALSE
VPS4B,FALSE
VPS50,FALSE
VPS53,FALSE
VPS72,FALSE
VPS8,FALSE
VPS9D1-AS1,FALSE
VRK1,FALSE
VRK2,FALSE
VRK3,FALSE
VSIG10,FALSE
VSIG2,FALSE
VSIR,FALSE
VTA1,FALSE
VTI1A,FALSE
VTI1B,FALSE
VTRNA1-1,FALSE
VTRNA1-3,FALSE
VWA5A,FALSE
VWA8,FALSE
VWF,FALSE
Vault,FALSE
WAC,FALSE
WAC-AS1,FALSE
WAPL,FALSE
WARS1,FALSE
WARS1-AS1,FALSE
WARS2,FALSE
WARS2-AS1,FALSE
WAS,FALSE
WASF2,FALSE
WASH3P,FALSE
WASHC2A,FALSE
WASHC2C,FALSE
WASHC3,FALSE
WASHC4,FALSE
WASHC5,FALSE
WASHC5-AS1,FALSE
WASL,FALSE
WBP11,FALSE
WBP2,FALSE
WBP2NL,FALSE
WDCP,FALSE
WDFY1,FALSE
WDFY2,FALSE
WDFY3,FALSE
WDFY3-AS1,FALSE
WDFY4,FALSE
WDHD1,FALSE
WDPCP,FALSE
WDR1,FALSE
WDR11,FALSE
WDR11-DT,FALSE
WDR12,FALSE
WDR13,FALSE
WDR18,FALSE
WDR19,FALSE
WDR20,FALSE
WDR25,FALSE
WDR26,FALSE
WDR27,FALSE
WDR3,FALSE
WDR33,FALSE
WDR35,FALSE
WDR36,FALSE
WDR37,FALSE
WDR4,FALSE
WDR41,FALSE
WDR43,FALSE
WDR44,FALSE
WDR45,FALSE
WDR45B,FALSE
WDR47,FALSE
WDR48,FALSE
WDR5,FALSE
WDR53P1,FALSE
WDR59,FALSE
WDR5B-DT,FALSE
WDR62,FALSE
WDR7,FALSE
WDR70,FALSE
WDR73,FALSE
WDR74,FALSE
WDR75,FALSE
WDR76,FALSE
WDR77,FALSE
WDR82,FALSE
WDR86,FALSE
WDR88,FALSE
WDR89,FALSE
WDR90,FALSE
WDR91,FALSE
WDSUB1,FALSE
WDTC1,FALSE
WEE1,FALSE
WFDC21P,FALSE
WFS1,FALSE
WHAMM,FALSE
WIPF1,FALSE
WIPF1-AS1,FALSE
WIPF2,FALSE
WIPI1,FALSE
WIPI2,FALSE
WLS,FALSE
WNK1,FALSE
WNT4,FALSE
WNT5A,FALSE
WRAP73,FALSE
WRN,FALSE
WRNIP1,FALSE
WSB1,FALSE
WTAP,FALSE
WWC2,FALSE
WWOX,FALSE
WWP1,FALSE
WWP2,FALSE
WWTR1,FALSE
XAB2,FALSE
XAF1,TRUE
XBP1,FALSE
XBP1P1,FALSE
XGY2,FALSE
XIAP,FALSE
XIAP-AS1,FALSE
XIAPP2,FALSE
XNDC1N,FALSE
XPA,FALSE
XPC,FALSE
XPC-AS1,FALSE
XPNPEP1,FALSE
XPNPEP3,FALSE
XPO1,FALSE
XPO4,FALSE
XPO5,FALSE
XPO6,FALSE
XPO7,FALSE
XPOT,FALSE
XPR1,FALSE
XRCC1,FALSE
XRCC4,FALSE
XRCC5,FALSE
XRCC6,FALSE
XRN1,FALSE
XRRA1,FALSE
XXYLT1,FALSE
YAE1,FALSE
YARS1,FALSE
YBEY,FALSE
YBX1,FALSE
YBX1P2,FALSE
YBX3,FALSE
YDJC,FALSE
YEATS2,FALSE
YEATS2-AS1,FALSE
YEATS4,FALSE
YES1,FALSE
YES1P1,FALSE
YIF1B,FALSE
YIPF1,FALSE
YIPF4,FALSE
YIPF5,FALSE
YIPF6,FALSE
YJU2,FALSE
YJU2B,FALSE
YKT6,FALSE
YLPM1,FALSE
YME1L1,FALSE
YPEL1,FALSE
YPEL3,FALSE
YPEL4,FALSE
YPEL5,FALSE
YPEL5P2,FALSE
YPEL5P4,FALSE
YRDC,FALSE
YTHDC2,FALSE
YTHDF1,FALSE
YTHDF2,FALSE
YTHDF3,FALSE
YWHAB,FALSE
YWHAG,FALSE
YWHAQ,FALSE
YWHAQP5,FALSE
YWHAQP6,FALSE
YWHAZ,FALSE
YY1,FALSE
YY1-DT,FALSE
YY1AP1,FALSE
Y_RNA,FALSE
ZBED3-AS1,FALSE
ZBED5,FALSE
ZBED5-AS1,FALSE
ZBP1,TRUE
ZBTB1,FALSE
ZBTB10,FALSE
ZBTB11,FALSE
ZBTB17,FALSE
ZBTB18,FALSE
ZBTB20-AS1,FALSE
ZBTB21,FALSE
ZBTB24,FALSE
ZBTB25,FALSE
ZBTB26,FALSE
ZBTB3,FALSE
ZBTB32,FALSE
ZBTB34,FALSE
ZBTB37,FALSE
ZBTB38,FALSE
ZBTB40,FALSE
ZBTB40-IT1,FALSE
ZBTB41,FALSE
ZBTB43,FALSE
ZBTB44,FALSE
ZBTB45,FALSE
ZBTB46-AS2,FALSE
ZBTB47,FALSE
ZBTB47-AS1,FALSE
ZBTB49,FALSE
ZBTB6,FALSE
ZBTB7A,FALSE
ZBTB7C,FALSE
ZBTB8OS,FALSE
ZC2HC1A,FALSE
ZC2HC1C,FALSE
ZC3H11A,FALSE
ZC3H12A,FALSE
ZC3H12C,FALSE
ZC3H13,FALSE
ZC3H14,FALSE
ZC3H15,FALSE
ZC3H18,FALSE
ZC3H3,FALSE
ZC3H4,FALSE
ZC3H6,FALSE
ZC3H7A,FALSE
ZC3H7B,FALSE
ZC3H8,FALSE
ZC3HC1,FALSE
ZC4H2,FALSE
ZCCHC10,FALSE
ZCCHC17,FALSE
ZCCHC2,FALSE
ZCCHC4,FALSE
ZCCHC7,FALSE
ZCCHC9,FALSE
ZCRB1,FALSE
ZCWPW2,FALSE
ZDHHC1,FALSE
ZDHHC12-DT,FALSE
ZDHHC13,FALSE
ZDHHC16,FALSE
ZDHHC17,FALSE
ZDHHC18,FALSE
ZDHHC19,FALSE
ZDHHC1P1,FALSE
ZDHHC2,FALSE
ZDHHC20,FALSE
ZDHHC21,FALSE
ZDHHC3,FALSE
ZDHHC4,FALSE
ZDHHC4P1,FALSE
ZDHHC5,FALSE
ZDHHC7,FALSE
ZDHHC8,FALSE
ZDHHC9,FALSE
ZEB2,FALSE
ZFAND1,FALSE
ZFAND2A,FALSE
ZFAND2A-DT,FALSE
ZFAND2B,FALSE
ZFAND3,FALSE
ZFAND5,FALSE
ZFAND6,FALSE
ZFAS1,FALSE
ZFAT,FALSE
ZFC3H1,FALSE
ZFHX3-AS1,FALSE
ZFP1,FALSE
ZFP28,FALSE
ZFP30,FALSE
ZFP36,FALSE
ZFP36L1,FALSE
ZFP41,FALSE
ZFP62,FALSE
ZFP64,FALSE
ZFR,FALSE
ZFTA,FALSE
ZFTRAF1,FALSE
ZFX,FALSE
ZFY,FALSE
ZFY-AS1,FALSE
ZFYVE1,FALSE
ZFYVE16,FALSE
ZFYVE19,FALSE
ZFYVE26,FALSE
ZFYVE27,FALSE
ZG16B,FALSE
ZGPAT,FALSE
ZGRF1,FALSE
ZHX1,FALSE
ZHX1-C8orf76,FALSE
ZHX3,FALSE
ZKSCAN1,FALSE
ZKSCAN3,FALSE
ZKSCAN5,FALSE
ZKSCAN8,FALSE
ZMAT2,FALSE
ZMAT3,FALSE
ZMAT5,FALSE
ZMIZ1,FALSE
ZMIZ1-AS1,FALSE
ZMIZ2,FALSE
ZMPSTE24,FALSE
ZMYM1,FALSE
ZMYM2,FALSE
ZMYM4,FALSE
ZMYM6,FALSE
ZMYND10,FALSE
ZMYND11,FALSE
ZMYND15,FALSE
ZMYND19,FALSE
ZMYND19P1,FALSE
ZMYND8,FALSE
ZNF10,FALSE
ZNF101,FALSE
ZNF106,FALSE
ZNF107,FALSE
ZNF112,FALSE
ZNF117,FALSE
ZNF12,FALSE
ZNF121,FALSE
ZNF124,FALSE
ZNF131,FALSE
ZNF132,FALSE
ZNF133,FALSE
ZNF133-AS1,FALSE
ZNF134,FALSE
ZNF136,FALSE
ZNF138,FALSE
ZNF140,FALSE
ZNF141,FALSE
ZNF142,FALSE
ZNF143,FALSE
ZNF146,FALSE
ZNF148,FALSE
ZNF155,FALSE
ZNF16,FALSE
ZNF160,FALSE
ZNF169,FALSE
ZNF174,FALSE
ZNF175,FALSE
ZNF18,FALSE
ZNF180,FALSE
ZNF181,FALSE
ZNF184,FALSE
ZNF185,FALSE
ZNF189,FALSE
ZNF195,FALSE
ZNF197,FALSE
ZNF2,FALSE
ZNF200,FALSE
ZNF202,FALSE
ZNF205,FALSE
ZNF207,FALSE
ZNF211,FALSE
ZNF212,FALSE
ZNF213,FALSE
ZNF213-AS1,FALSE
ZNF217,FALSE
ZNF217-AS1,FALSE
ZNF219,FALSE
ZNF22-AS1,FALSE
ZNF221,FALSE
ZNF222,FALSE
ZNF223,FALSE
ZNF224,FALSE
ZNF225,FALSE
ZNF226,FALSE
ZNF227,FALSE
ZNF229,FALSE
ZNF23,FALSE
ZNF230,FALSE
ZNF230-DT,FALSE
ZNF232,FALSE
ZNF234,FALSE
ZNF235,FALSE
ZNF236,FALSE
ZNF24,FALSE
ZNF248,FALSE
ZNF25,FALSE
ZNF250,FALSE
ZNF252P,FALSE
ZNF253,FALSE
ZNF254,FALSE
ZNF256,FALSE
ZNF26,FALSE
ZNF260,FALSE
ZNF263,FALSE
ZNF264,FALSE
ZNF266,FALSE
ZNF267,FALSE
ZNF268,FALSE
ZNF271P,FALSE
ZNF274,FALSE
ZNF277,FALSE
ZNF277-AS1,FALSE
ZNF28,FALSE
ZNF280D,FALSE
ZNF281,FALSE
ZNF282,FALSE
ZNF283,FALSE
ZNF285,FALSE
ZNF286A,FALSE
ZNF292,FALSE
ZNF3,FALSE
ZNF302,FALSE
ZNF316,FALSE
ZNF317,FALSE
ZNF32,FALSE
ZNF32-AS1,FALSE
ZNF320,FALSE
ZNF321P,FALSE
ZNF322,FALSE
ZNF324,FALSE
ZNF324B,FALSE
ZNF326,FALSE
ZNF329,FALSE
ZNF330,FALSE
ZNF333,FALSE
ZNF335,FALSE
ZNF337,FALSE
ZNF337-AS1,FALSE
ZNF33A,FALSE
ZNF34,FALSE
ZNF341,FALSE
ZNF343,FALSE
ZNF346,FALSE
ZNF347,FALSE
ZNF35,FALSE
ZNF350,FALSE
ZNF354A,FALSE
ZNF354B,FALSE
ZNF365,FALSE
ZNF366,FALSE
ZNF37A,FALSE
ZNF37BP,FALSE
ZNF382,FALSE
ZNF383,FALSE
ZNF384,FALSE
ZNF385D,FALSE
ZNF394,FALSE
ZNF395,FALSE
ZNF396,FALSE
ZNF398,FALSE
ZNF407,FALSE
ZNF407-AS1,FALSE
ZNF408,FALSE
ZNF410,FALSE
ZNF415P1,FALSE
ZNF416,FALSE
ZNF417,FALSE
ZNF420,FALSE
ZNF426,FALSE
ZNF428,FALSE
ZNF429,FALSE
ZNF43,FALSE
ZNF430,FALSE
ZNF431,FALSE
ZNF432,FALSE
ZNF433,FALSE
ZNF433-AS1,FALSE
ZNF44,FALSE
ZNF440,FALSE
ZNF45,FALSE
ZNF45-AS1,FALSE
ZNF451,FALSE
ZNF451-AS1,FALSE
ZNF460,FALSE
ZNF460-AS1,FALSE
ZNF461,FALSE
ZNF468,FALSE
ZNF470-DT,FALSE
ZNF471,FALSE
ZNF473-AS1,FALSE
ZNF480,FALSE
ZNF484,FALSE
ZNF490,FALSE
ZNF493,FALSE
ZNF496-DT,FALSE
ZNF497,FALSE
ZNF500,FALSE
ZNF506,FALSE
ZNF511,FALSE
ZNF512,FALSE
ZNF514,FALSE
ZNF516,FALSE
ZNF517,FALSE
ZNF518A,FALSE
ZNF518B,FALSE
ZNF524,FALSE
ZNF525,FALSE
ZNF526,FALSE
ZNF527,FALSE
ZNF528,FALSE
ZNF528-AS1,FALSE
ZNF529,FALSE
ZNF529-AS1,FALSE
ZNF532,FALSE
ZNF542P,FALSE
ZNF543,FALSE
ZNF544,FALSE
ZNF546,FALSE
ZNF547,FALSE
ZNF548,FALSE
ZNF549,FALSE
ZNF550,FALSE
ZNF551,FALSE
ZNF552,FALSE
ZNF555,FALSE
ZNF558,FALSE
ZNF559,FALSE
ZNF561,FALSE
ZNF561-AS1,FALSE
ZNF562,FALSE
ZNF563,FALSE
ZNF564,FALSE
ZNF565,FALSE
ZNF566,FALSE
ZNF567,FALSE
ZNF569,FALSE
ZNF56P,FALSE
ZNF570,FALSE
ZNF573,FALSE
ZNF574,FALSE
ZNF576,FALSE
ZNF577,FALSE
ZNF580,FALSE
ZNF581,FALSE
ZNF582-DT,FALSE
ZNF583,FALSE
ZNF585A,FALSE
ZNF585B,FALSE
ZNF586,FALSE
ZNF587,FALSE
ZNF587B,FALSE
ZNF589,FALSE
ZNF592,FALSE
ZNF593OS,FALSE
ZNF594,FALSE
ZNF594-DT,FALSE
ZNF596,FALSE
ZNF600,FALSE
ZNF605,FALSE
ZNF606,FALSE
ZNF607,FALSE
ZNF609,FALSE
ZNF610,FALSE
ZNF611,FALSE
ZNF613,FALSE
ZNF614,FALSE
ZNF615,FALSE
ZNF616,FALSE
ZNF618,FALSE
ZNF619,FALSE
ZNF620,FALSE
ZNF621,FALSE
ZNF625-ZNF20,FALSE
ZNF627,FALSE
ZNF630,FALSE
ZNF638,FALSE
ZNF639,FALSE
ZNF641,FALSE
ZNF644,FALSE
ZNF646,FALSE
ZNF649,FALSE
ZNF649-AS1,FALSE
ZNF652,FALSE
ZNF652-AS1,FALSE
ZNF652P1,FALSE
ZNF654,FALSE
ZNF655,FALSE
ZNF664,FALSE
ZNF669,FALSE
ZNF671,FALSE
ZNF674,FALSE
ZNF674-AS1,FALSE
ZNF675,FALSE
ZNF677,FALSE
ZNF678,FALSE
ZNF680,FALSE
ZNF682,FALSE
ZNF687,FALSE
ZNF689,FALSE
ZNF691,FALSE
ZNF691-DT,FALSE
ZNF692,FALSE
ZNF696,FALSE
ZNF697,FALSE
ZNF699,FALSE
ZNF7,FALSE
ZNF701,FALSE
ZNF702P,FALSE
ZNF706,FALSE
ZNF710,FALSE
ZNF710-AS1,FALSE
ZNF711,FALSE
ZNF713,FALSE
ZNF714,FALSE
ZNF721,FALSE
ZNF724,FALSE
ZNF731P,FALSE
ZNF736,FALSE
ZNF737,FALSE
ZNF738,FALSE
ZNF740,FALSE
ZNF746,FALSE
ZNF747,FALSE
ZNF749,FALSE
ZNF75A,FALSE
ZNF75BP,FALSE
ZNF75D,FALSE
ZNF76,FALSE
ZNF761,FALSE
ZNF765,FALSE
ZNF767P,FALSE
ZNF77,FALSE
ZNF770,FALSE
ZNF772,FALSE
ZNF773,FALSE
ZNF775,FALSE
ZNF776,FALSE
ZNF780A,FALSE
ZNF780B,FALSE
ZNF783,FALSE
ZNF784,FALSE
ZNF787,FALSE
ZNF789,FALSE
ZNF790,FALSE
ZNF791,FALSE
ZNF792,FALSE
ZNF799,FALSE
ZNF8-DT,FALSE
ZNF800,FALSE
ZNF805,FALSE
ZNF808,FALSE
ZNF81,FALSE
ZNF823,FALSE
ZNF830,FALSE
ZNF836,FALSE
ZNF84,FALSE
ZNF841,FALSE
ZNF844,FALSE
ZNF846,FALSE
ZNF850,FALSE
ZNF862,FALSE
ZNF875,FALSE
ZNF879,FALSE
ZNF880,FALSE
ZNF888,FALSE
ZNF891,FALSE
ZNF91,FALSE
ZNF93,FALSE
ZNFX1,FALSE
ZNG1A,FALSE
ZNG1B,FALSE
ZNG1F,FALSE
ZNHIT1,FALSE
ZNRD2,FALSE
ZNRF1,FALSE
ZNRF2,FALSE
ZPR1,FALSE
ZRANB2-AS1,FALSE
ZRANB3,FALSE
ZRSR2,FALSE
ZSCAN16,FALSE
ZSCAN20,FALSE
ZSCAN21,FALSE
ZSCAN25,FALSE
ZSCAN26,FALSE
ZSCAN29,FALSE
ZSCAN30,FALSE
ZSCAN9,FALSE
ZSWIM1,FALSE
ZSWIM7,FALSE
ZSWIM8,FALSE
ZSWIM9,FALSE
ZW10,FALSE
ZWILCH,FALSE
ZWINT,FALSE
ZXDC,FALSE
ZYG11B,FALSE
ZYX,FALSE
ZZEF1,FALSE
ZZZ3,FALSE
